LocalAuthorityBusinessID,BusinessName,BusinessType,RatingValue,RatingDate,AddressLine1,PostCode,LocalAuthorityName
137934,2 Chefs Catering Ltd,Other catering premises,5,2024-11-24,,,Reading
80333,3 Love Food,Other catering premises,5,2026-04-17,,,Reading
142094,3B's Cafe,Other catering premises,5,2026-03-17,735 Oxford Road,RG30 1JA,Reading
127516,3Cs Cafe at St Johns Church,Restaurant/Cafe/Canteen,5,2025-09-23,Gosbrook Road,RG4 5AN,Reading
72396,6Pack Supplements,Distributors/Transporters,Exempt,,443 Oxford Road,RG30 1HD,Reading
140230,7 Day European Supermarket,Retailers - other,4,2024-12-07,181 Oxford Road,RG1 7UZ,Reading
129027,7 Day Local,Retailers - other,5,2019-06-23,53 Basingstoke Road,RG2 0ER,Reading
135630,7 Flowers & Tea,Restaurant/Cafe/Canteen,5,2019-03-07,4 Cross Street,RG1 1SN,Reading
06534,7 Rifles Reading,Other catering premises,5,2025-03-18,Brock Barracks Oxford Road,RG30 1HW,Reading
137250,7 Seas Fresh Fish,Retailers - other,1,2025-02-13,88 Oxford Road,RG1 7LJ,Reading
140348,7p Aperitivo Ltd,Importers/Exporters,5,2025-12-10,27 Rose Kiln Lane,RG2 0JZ,Reading
06488,7th Heaven,Restaurant/Cafe/Canteen,5,2025-02-14,101 Wokingham Road,RG6 1LH,Reading
99401,A & G Retail,Retailers - other,5,2024-06-03,,,Reading
144943,A J Bakes & More,Other catering premises,4,2025-05-08,,,Reading
60946,A&S News & Off Licence,Retailers - other,5,2017-12-03,130 Great Knollys Street,RG1 7HB,Reading
144425,Abbeyfield Wey Valley Society Maitland House,Hospitals/Childcare/Caring Premises,5,2025-01-29,11 Maitland Road,RG1 6NL,Reading
32171,Abbeymore Day Nursery,Hospitals/Childcare/Caring Premises,5,2025-04-30,161 Wokingham Road,RG6 1LP,Reading
06572,Abikwa Bakes,Other catering premises,5,2026-05-20,,,Reading
06915,Acai Love,Mobile caterer,5,2026-07-23,207 Upper Woodcaote Rd,RG4 7JP,Reading
06690,Accent Catering at Geoffrey Field Infant & Junior School,Other catering premises,5,2025-10-22,Exbourne Road,RG2 8RH,Reading
33157,Accent Catering at Highdown School,School/college/university,4,2025-01-07,Surley Row,RG4 8LR,Reading
144194,Ace Catering,Mobile caterer,AwaitingInspection,,87 Southcote Lane,RG30 3AH,Reading
33111,Admiral Casino,Retailers - other,Exempt,,93-98 Friar Street,RG1 1EP,Reading
137811,Afghan Flavours,Takeaway/sandwich shop,3,2026-02-02,40 Oxford Road,RG1 7LA,Reading
06645,Afghan Palace Reading,Restaurant/Cafe/Canteen,3,2026-01-13,308 Oxford Road,RG30 1AD,Reading
130668,Age UK,Retailers - other,Exempt,,20a School Road,RG31 5AN,Reading
143171,Agnes Coffee Shop,Restaurant/Cafe/Canteen,3,2025-05-20,184 Oxford Road,RG1 7PL,Reading
28001,Ahmed Chem Ltd,Retailers - other,Exempt,,71 Basingstoke Road,RG2 0ER,Reading
143832,Ahmed Superstore,Retailers - supermarkets/hypermarkets,5,2024-08-08,69-71 Whitley Street,RG2 0EG,Reading
139992,Ai La Home Cooking,Other catering premises,5,2025-11-14,,,Reading
06718,AK Superstore,Retailers - supermarkets/hypermarkets,2,2026-01-09,41 Tilehurst Road,RG1 7TT,Reading
143843,AKA BBQ Station,Restaurant/Cafe/Canteen,5,2025-01-24,55 St Marys Butts,RG1 2LG,Reading
06974,Alamin Tandoori,Takeaway/sandwich shop,AwaitingInspection,,75 Basingstoke Road,RG2 0ER,Reading
139135,Albie's Bakes,Other catering premises,5,2022-01-31,,,Reading
131271,Aldi,Retailers - supermarkets/hypermarkets,5,2025-02-13,350 Basingstoke Road,RG2 0NT,Reading
54824,Aldi,Retailers - supermarkets/hypermarkets,5,2025-02-13,Caversham Road,RG1 8AL,Reading
143484,Aldi Stores Ltd,Retailers - supermarkets/hypermarkets,5,2024-02-08,Proctor End South,RG2 0GG,Reading
06953,All Nations Christian Centre,Restaurant/Cafe/Canteen,4,2026-05-29,1 Berkeley Avenue,RG1 6JE,Reading
06826,Allotment Productions,Retailers - other,1,2026-03-11,Unit 4a Paddock Road Industrial Estate Paddock Road,RG4 5BY,Reading
131871,Alper Kebabs Mobile Van outside National Tyres,Mobile caterer,5,2026-05-07,196 Basingstoke Road,RG2 0HH,Reading
06961,Al-Quds,Retailers - other,AwaitingInspection,,27 De Beauvoir Road,RG1 5NR,Reading
1296,Al-Rehman General Store,Retailers - other,2,2026-02-02,45 Cholmeley Road,RG1 3NQ,Reading
55455,Alto Lounge,Restaurant/Cafe/Canteen,5,2025-09-02,30-32a Church Street,RG4 8AU,Reading
06691,Amanda.jay _art,Other catering premises,5,2025-10-24,,,Reading
131930,Amazing Grace Afro Caribbean Shop,Retailers - other,3,2025-05-21,391 Oxford Road,RG30 1HA,Reading
140251,Amazing Grace Superstore Ltd,Retailers - other,3,2025-04-23,168 Oxford Road,RG1 7PL,Reading
145688,Ambrith Ltd,Manufacturers/packers,AwaitingInspection,,5 Martin Cooper Close,RG4 6AE,Reading
144937,Amee's Kitchen,Other catering premises,1,2026-03-19,232 Shinfield Road,RG2 8EX,Reading
140036,Amee's Kitchen,Other catering premises,3,2025-04-11,734-736 Oxford Road,RG30 1EH,Reading
137669,American Candy,Retailers - other,4,2021-09-15,4a The Riverside,RG1 2AG,Reading
06938,American Candy Co,Retailers - other,AwaitingInspection,,179a Oxford Road,RG1 7UZ,Reading
06588,Amicus Residential Care,Other catering premises,Exempt,,,,Reading
06529,Amicus Residential Care Home,Hospitals/Childcare/Caring Premises,Exempt,,,,Reading
06565,Amò - Italian Street Food,Restaurant/Cafe/Canteen,5,2025-05-16,Unit 2 2-4 Kings Road,RG1 3AA,Reading
06913,Amorino,Restaurant/Cafe/Canteen,5,2026-06-23,37 Broad Street,RG1 2AA,Reading
138625,Amsterdam Selection,Retailers - other,Exempt,,17 Whitley Street,RG2 0EG,Reading
141421,AMT Coffee at Royal Berkshire Hospital,Restaurant/Cafe/Canteen,5,2024-11-28,London Road,RG1 5AN,Reading
140406,Angel Bar,Pub/bar/nightclub,5,2024-11-22,18 Prospect Street,RG4 8JG,Reading
06981,Angelos,Restaurant/Cafe/Canteen,AwaitingInspection,,9 Friars Walk Station Hill Reading,RG1 1HP,Reading
06799,ANJAPPAR Chettinad Indian Restaurant,Restaurant/Cafe/Canteen,1,2026-03-13,74 Kings Road,RG1 3BJ,Reading
136615,Anna Hamilton Baking,Other catering premises,5,2019-09-18,,,Reading
135367,Anonymous Coffee Co at Thames Tower,Takeaway/sandwich shop,5,2025-09-19,37-45 Station Road,RG1 1LX,Reading
06813,Antonio Maria,Mobile caterer,4,2026-04-09,37 Church Road Caversham,RG4 7AG,Reading
06880,Anu's Dessert Café,Restaurant/Cafe/Canteen,AwaitingInspection,,40 Church Street Caversham,RG4 8AU,Reading
06821,Apez Lawrick Nutiritons,Other catering premises,AwaitingInspection,,,,Reading
34867,Apollo Youth Club,Hospitals/Childcare/Caring Premises,5,2025-06-20,22-24 Mount Pleasant,RG1 2TD,Reading
35312,Aramark Salvation Army,Restaurant/Cafe/Canteen,5,2025-09-18,Willow Street,RG1 6AB,Reading
145385,Artisan Loaf Makers,Other catering premises,5,2025-02-26,Britten Road,RG2 0AU,Reading
72092,Arusuvai,Other catering premises,5,2026-02-25,,,Reading
06755,Asda Express PFS Berkeley,Retailers - other,4,2025-09-13,10 Berkeley Avenue,RG1 6JE,Reading
9131,Asda Service Station,Retailers - other,5,2025-11-10,12/14 School Road,RG31 5AL,Reading
443,Asda Superstore,Retailers - supermarkets/hypermarkets,5,2025-10-08,67 Honey End Lane,RG30 4EL,Reading
139927,Aseda Supermarkets,Retailers - supermarkets/hypermarkets,4,2025-07-31,170 Oxford Road,RG1 7PL,Reading
06721,Ashanti Royale Restaurant and Catering Services,Restaurant/Cafe/Canteen,1,2025-12-10,152 Oxford Road,RG1 7PJ,Reading
64952,Ashley Johnson,Hospitals/Childcare/Caring Premises,Exempt,,,,Reading
06605,ASR Solutions Ltd,Distributors/Transporters,5,2026-03-26,Unit 1 Meadow Road,RG1 8LB,Reading
06775,Athena's Gold,Other catering premises,5,2026-03-31,,,Reading
97,Atif Superstore,Retailers - other,4,2025-09-18,481-483 Oxford Road,RG30 1HF,Reading
06950,Atlas Shawarma,Restaurant/Cafe/Canteen,AwaitingInspection,,349 Oxford Road,RG30 1AY,Reading
137175,Attimonosh,Takeaway/sandwich shop,5,2026-05-12,120a Henley Road,RG4 6DH,Reading
62021,Auntie Anne's Pretzels at The Oracle,Takeaway/sandwich shop,5,2025-11-05,Bridge Street,RG1 2AQ,Reading
06697,Avenue Food & Wine,Retailers - other,4,2025-11-19,92 Northcourt Avenue,RG2 7HQ,Reading
136937,Avilah Foods,Manufacturers/packers,3,2025-06-25,535 Oxford Road,RG30 1HJ,Reading
06772,Aya's Home Kitchen,Other catering premises,5,2026-04-14,48 Winton Road,RG28HJ,Reading
125865,"Aylesbury, Chiltern & South Bucks Sports & Social Club",Other catering premises,5,2023-09-06,270 Whitley Wood Road,RG2 8FS,Reading
06869,B & B Biltong,Other catering premises,AwaitingInspection,,,,Reading
63768,B&M Home Store with Garden Centre,Retailers - other,Exempt,,709-731 Oxford Road,RG30 1PR,Reading
142769,B&M Store,Retailers - other,5,2023-12-04,Units 3a & 3b Brunel Shopping Centre,RG2 0HS,Reading
32863,Back of Beyond,Pub/bar/nightclub,5,2025-09-04,108 Kings Road,RG1 3BY,Reading
06606,Bagaara,Restaurant/Cafe/Canteen,4,2025-09-16,256 Shinfield Road,RG2 8EY,Reading
145254,Bake A Wish,Other catering premises,4,2024-11-29,,,Reading
06825,Bake the Brilliant Bread,Other catering premises,5,2026-02-24,,,Reading
127640,Baker Station,Other catering premises,5,2017-08-09,,,Reading
145286,Bakery House,Restaurant/Cafe/Canteen,4,2025-03-04,82 London Street,RG1 4SJ,Reading
127903,Bally Convenience Store,Retailers - other,2,2025-01-16,2 Pell Street,RG1 2NZ,Reading
132496,Banana Moon Day Nursery,Hospitals/Childcare/Caring Premises,5,2025-12-05,371 Gosbrook Road,RG4 8ED,Reading
139516,Banh Mi QB,Other catering premises,3,2025-05-03,19-23 King Street,RG1 2HG,Reading
28220,Bar Iguana,Pub/bar/nightclub,5,2025-04-10,11 St Marys Butts,RG1 2LN,Reading
06860,Barry's Burger Bar,Mobile caterer,4,2026-05-26,1 Scours Lane,RG30 6AY,Reading
38944,Baxter Storey at Cisco Systems,Restaurant/Cafe/Canteen,5,2025-10-15,300 Longwater Avenue,RG2 6GE,Reading
140403,Baxter Storey at Ernest and Young,Restaurant/Cafe/Canteen,5,2026-07-13,2 Blagrave Street,RG1 1AZ,Reading
131503,Baxter Storey at Visa Europe,Restaurant/Cafe/Canteen,5,2026-07-07,41-45 Queens Road,RG1 4BQ,Reading
143663,Baxterstorey - Apex Building,Restaurant/Cafe/Canteen,5,2025-09-25,Forbury Road,,Reading
06804,BaxterStorey - Deloitte,Restaurant/Cafe/Canteen,5,2026-03-26,Abbots House Abbey Street,RG1 3BD,Reading
142839,Baxterstorey @ JLL Green Park,Restaurant/Cafe/Canteen,5,2025-05-15,400 Brook Drive,RG2 6UU,Reading
145244,BaxterStorey at Campus Kitchen,Restaurant/Cafe/Canteen,5,2026-06-12,Reading International Business Park,RG2 6DA,Reading
06585,BaxterStorey at One Station Hill,Restaurant/Cafe/Canteen,5,2025-06-20,One Station Hill Garrard Street,RG1 1NR,Reading
06845,BaxterStorey CBRE Thames Hub,Other catering premises,5,2026-04-13,250 Brook Drive,RG2 6UA,Reading
33030,Bays Peri Peri,Restaurant/Cafe/Canteen,3,2025-04-02,6 West Street,RG1 1TT,Reading
32779,BB's Bakers & Baristas,Restaurant/Cafe/Canteen,5,2026-02-05,Bridge Street,RG1 2AQ,Reading
64419,Be At One,Restaurant/Cafe/Canteen,5,2026-07-14,1 Gun Street,RG1 2JR,Reading
34078,Beacher Hall Nursing Home,Hospitals/Childcare/Caring Premises,5,2026-03-17,42 Bath Road,RG1 6PG,Reading
33538,Beesknees Day Nursery,Hospitals/Childcare/Caring Premises,5,2024-10-16,97 Connaught Road,RG30 2UE,Reading
54483,Bella Italia at The Oracle / Super Nonna,Restaurant/Cafe/Canteen,5,2024-07-17,Bridge Street,RG1 2AG,Reading
06757,Bengali Bites,Other catering premises,4,2026-06-04,,,Reading
129726,Ben's Cookies at The Oracle,Retailers - other,5,2018-02-14,Bridge Street,RG1 2AQ,Reading
61432,Berkeley Garden Day Nursery,Hospitals/Childcare/Caring Premises,5,2025-09-24,72 Berkeley Avenue,RG1 6HY,Reading
141038,Berkshire Meat Traders,Retailers - other,5,2025-08-05,17 Deacon Way,RG30 6AZ,Reading
58567,Best and Less Supermarket,Retailers - other,1,2026-05-18,55 Basingstoke Road,RG2 0ER,Reading
56994,Best Foods,Retailers - other,4,2025-08-06,129 Oxford Road,RG1 7UU,Reading
46512,Best Kebab House,Takeaway/sandwich shop,4,2025-08-19,234c Shinfield Road,RG2 8EX,Reading
32751,Best One,Retailers - other,2,2025-09-23,1a Nire Road,RG1 5LT,Reading
06743,Betel Group,Manufacturers/packers,3,2025-11-05,,,Reading
141652,"Better Cafe, Palmer Park",Restaurant/Cafe/Canteen,5,2024-12-08,Wokingham Road,RG6 1LF,Reading
130492,Betty's Bistro,Restaurant/Cafe/Canteen,1,2026-01-06,487 Oxford Road,RG30 1HF,Reading
116120,Biccy Bakes,Other catering premises,5,2017-07-17,,,Reading
132760,Bierhaus,Restaurant/Cafe/Canteen,1,2025-10-10,8 Queens Walk,RG1 7QF,Reading
142430,Big Bazaar,Retailers - supermarkets/hypermarkets,5,2026-04-07,13-17 London Road,RG1 5BJ,Reading
145008,Big Bazaar,Retailers - supermarkets/hypermarkets,3,2024-09-06,221 Shinfield Road,RG2 8HA,Reading
131519,Big Bazaar,Retailers - other,5,2025-09-01,67-69 Wokingham Road,RG6 1LH,Reading
06776,Big Bazaar,Retailers - supermarkets/hypermarkets,5,2026-03-03,80 Tean House Havergate Way,RG2 0GU,Reading
143616,Big Bazaar Halal Meat,Retailers - other,4,2025-09-01,67-69 Wokingham Road,RG6 1LH,Reading
06989,Bilbo’s Travelling Tavern,Mobile caterer,AwaitingInspection,,55 Brooksby Road,RG31 6LZ,Reading
58924,Bill's,Restaurant/Cafe/Canteen,5,2026-06-05,Chain Street,RG1 2HX,Reading
1211,Bina Continental Stores,Retailers - other,3,2026-04-28,306 Oxford Road,RG30 1AD,Reading
142070,Bina Tandoori,Restaurant/Cafe/Canteen,5,2025-11-06,21 Prospect Street,RG4 8JB,Reading
06742,Bina's Bakery,Other catering premises,5,2026-04-25,,,Reading
139753,Biryani Boyzz,Restaurant/Cafe/Canteen,3,2025-12-09,109 Oxford Road,RG1 7UD,Reading
06818,Biryani Boyzz,Takeaway/sandwich shop,4,2026-03-04,63 Wokingham Road,RG6 1LH,Reading
139929,Biryani Mama Bar & Restaurant,Restaurant/Cafe/Canteen,3,2025-11-05,64-65 St Marys Butts,,Reading
140362,Biryanish,Restaurant/Cafe/Canteen,2,2026-04-29,92 Oxford Road,RG1 7LJ,Reading
34481,BJ's Luxury Bingo Club,Pub/bar/nightclub,5,2026-01-20,Gillette Way,RG2 0BS,Reading
143722,BKRY,Retailers - other,5,2026-03-20,47 Church Street,RG4 8BA,Reading
140704,Black Sheep Coffee,Takeaway/sandwich shop,5,2024-10-15,1-3 Queen Victoria Street,RG1 1SY,Reading
06603,Black Sheep Coffee,Restaurant/Cafe/Canteen,5,2026-07-10,60 Broad Street,RG1 2AF,Reading
9696,Blacks,Retailers - other,Exempt,,Chain Street,RG1 6HX,Reading
49710,Blagrave Nursery,Hospitals/Childcare/Caring Premises,4,2025-02-26,Recreation Road,RG30 4UA,Reading
06735,Blip,Restaurant/Cafe/Canteen,5,2026-01-22,8 Park Lane Tilehurst,RG31 5DL,Reading
06982,Blip (Reading Central),Takeaway/sandwich shop,AwaitingInspection,,Unit 49 Milford Road Reading,RG1 8LG,Reading
141226,Blue Collar Corner,Pub/bar/nightclub,5,2025-08-21,15 Hosier Street,RG1 7QL,Reading
142677,Blueskys Trading,Retailers - other,4,2024-06-24,27 Rose Kiln Lane,RG2 0JZ,Reading
26283,Bo Wah,Takeaway/sandwich shop,3,2026-02-23,85 Northumberland Avenue,RG2 7PT,Reading
143101,Boba Bloom,Restaurant/Cafe/Canteen,1,2026-06-16,91 Erleigh Road,RG1 5NN,Reading
145046,Bodrum Corner Cafe,Restaurant/Cafe/Canteen,3,2026-05-18,248a Shinfield Road,RG2 8EY,Reading
41042,Bodrum Kebab Mobile Van - Mr Nihat Umdu,Mobile caterer,5,2026-06-04,223 Shinfield Road,RG2 8HD,Reading
17013,Boltons Rest Home,Hospitals/Childcare/Caring Premises,5,2026-01-28,4 College Road,RG6 1QD,Reading
140710,Bombay Brothers,Restaurant/Cafe/Canteen,4,2025-06-19,King Street,RG1 2HG,Reading
144312,Bombay Punjabi,Takeaway/sandwich shop,2,2025-05-24,100 Oxford Road,RG1 7LJ,Reading
06862,Boom Battle Bar,Pub/bar/nightclub,5,2026-04-30,12-14 Station Road,RG1 1JX,Reading
130866,Boost Juice Bars at The Oracle,Takeaway/sandwich shop,5,2024-07-02,Bridge Street,RG1 2AG,Reading
34302,Boots UK Ltd,Retailers - other,Exempt,,45 Church Street,RG4 8BA,Reading
28082,Boots UK Ltd,Retailers - other,5,2025-08-12,47-48 Broad Street,RG1 2AE,Reading
32717,Boots UK Ltd at Reading Rail Station Concourse,Retailers - other,5,2025-03-19,Station Approach,RG1 1LT,Reading
33092,Boots UK Ltd at The Oracle,Retailers - other,5,2025-08-12,Bridge Street,RG1 2AH,Reading
56416,Boswells Cafe at Broad St Mall,Restaurant/Cafe/Canteen,5,2024-10-17,Broad Street,RG1 7QE,Reading
17227,Bow Guest House,Hotel/bed & breakfast/guest house,5,2017-11-16,25 Russell Street,RG1 7XD,Reading
06687,Bowl Central,Restaurant/Cafe/Canteen,5,2026-01-08,65 Caversham Road,RG1 8AD,Reading
129694,BP Leander Service Station,Retailers - other,5,2023-11-01,182-184 Henley Road,RG4 5LW,Reading
129695,BP Reading Service Station,Retailers - other,5,2024-10-26,69 London Road,RG1 5BW,Reading
33537,BP Weldale Connect,Retailers - other,5,2024-10-26,324 Wokingham Road,RG6 1JU,Reading
69627,Bread & Olive,Other catering premises,5,2024-11-07,,,Reading
140690,Breakfast and After School Club,School/college/university,4,2026-02-12,Silchester Road,RG30 3EJ,Reading
33434,Breakfast Box Mobile Van,Mobile caterer,5,2024-09-27,Rose Kiln Lane,,Reading
101439,Brownies and Berries,Other catering premises,5,2024-10-18,,,Reading
140454,Bubble CiTea,Restaurant/Cafe/Canteen,5,2024-12-13,Bridge Street,,Reading
142513,Bubbleology Reading,Other catering premises,5,2025-10-16,Bridge Street,RG1 2AH,Reading
415,Budgens at Milestone Way Precinct,Retailers - supermarkets/hypermarkets,5,2024-12-12,Milestone Way,RG4 8XW,Reading
135557,Buenasado,Restaurant/Cafe/Canteen,5,2025-10-30,Bridge Street,RG1 2AQ,Reading
145044,Burger Den,Takeaway/sandwich shop,5,2026-04-21,109a Oxford Road,RG1 7UD,Reading
135437,Burger King,Restaurant/Cafe/Canteen,5,2025-08-28,Imperial Way,RG2 0TE,Reading
32911,Burger King at Reading Rail Station Concourse,Restaurant/Cafe/Canteen,5,2026-04-06,Station Approach,RG1 1LZ,Reading
137104,Burger King Reading,Restaurant/Cafe/Canteen,5,2026-03-17,8-9 St Marys Butts,RG1 2LN,Reading
133096,Busy Bees Nursery at Reading International,Hospitals/Childcare/Caring Premises,5,2025-10-09,A33 Relief Road,RG2 6DA,Reading
128732,Butts Kiosk Carpark Foyer at The Riverside The Oracle,Retailers - other,5,2024-07-31,Bridge Street,,Reading
4102,Butts Super News,Retailers - other,4,2024-12-17,72 School Road,RG31 5AW,Reading
06940,Butts Today's Local,Retailers - other,AwaitingInspection,,145-147 The Meadway,RG30 4AP,Reading
142827,Byte Café,Restaurant/Cafe/Canteen,5,2025-10-08,100 Longwater Avenue,RG2 6GP,Reading
129101,Cafe 12,Restaurant/Cafe/Canteen,5,2025-09-18,143-145 Oxford Road,RG1 7UY,Reading
128688,Cafe Alive at Grange United Reform Church,Restaurant/Cafe/Canteen,5,2018-02-08,Circuit Lane,RG30 3HD,Reading
145330,Cafe Local,Restaurant/Cafe/Canteen,AwaitingInspection,,London Road,RG1 5AN,Reading
141854,Cafe Local,Restaurant/Cafe/Canteen,5,2025-08-27,Platforms 8 & 9 Reading Railway Station,RG1 8FP,Reading
06816,Cafe Local,Restaurant/Cafe/Canteen,5,2026-03-07,Royal Berkshire Hospital,RG1 5AN,Reading
61319,Cafe Local at Platform 7  Reading Rail Station,Takeaway/sandwich shop,5,2025-08-27,Station Approach,,Reading
129823,Cafe Ritazza at Platform 10/11 Reading Rail Station,Restaurant/Cafe/Canteen,5,2025-10-28,Station Approach,,Reading
06709,Cafe Yolk,Restaurant/Cafe/Canteen,5,2026-03-04,14 Wokingham Road,RG6 1JG,Reading
63680,Cafe Yolk,Restaurant/Cafe/Canteen,4,2025-01-24,44 Erleigh Road,RG1 5NA,Reading
06639,Caffe Nero,Restaurant/Cafe/Canteen,5,2025-09-04,4-5 Broad Street,RG1 2BH,Reading
62191,Caffe Nero,Restaurant/Cafe/Canteen,4,2025-11-05,75 Broad Street,RG1 2AP,Reading
133746,Caffe Nero at Apex Plaza,Restaurant/Cafe/Canteen,4,2025-10-16,Forbury Road,RG1 1AX,Reading
33223,Caffe Nero at The Oracle,Restaurant/Cafe/Canteen,5,2024-10-25,Bridge Street,RG1 2AG,Reading
135320,Cake & Cream,Retailers - other,1,2026-02-18,11-13 St Peters Road,RG6 1NT,Reading
06831,Cake and Beyond,Restaurant/Cafe/Canteen,5,2026-04-28,2a Dunstall Close Tilehurst,RG31 5AY,Reading
62628,Cake Box,Retailers - other,4,2026-04-14,278 Oxford Road,RG30 1AD,Reading
137953,Cake Box,Mobile caterer,5,2025-11-11,Broad Street Mall Broad Street,RG1 7QE,Reading
145301,CakeCo,Takeaway/sandwich shop,5,2024-09-22,1-9 Kings Road,RG1 3EY,Reading
145506,Cakes & More,Other catering premises,AwaitingInspection,,101 Wokingham Road,RG6 1LH,Reading
143682,Cakes and Bakes,Other catering premises,5,2024-05-26,,,Reading
76454,Cakes by Amanda,Other catering premises,5,2024-11-28,,,Reading
06630,Cakes by Chrissy,Other catering premises,5,2025-08-29,,,Reading
06986,Calcutta Junction Kitchen,Other catering premises,AwaitingInspection,,Claydon Court Caversham,RG4 8BQ,Reading
141077,Calico Bar & Eatery at Hotel 1843,Pub/bar/nightclub,5,2026-03-26,33 London Street,RG1 4PS,Reading
138272,Camomile Patisserie,Other catering premises,5,2021-09-16,,,Reading
06507,Candy Quest,Manufacturers/packers,5,2025-03-20,,,Reading
06850,Capeesh,Mobile caterer,AwaitingInspection,,Pitch Outside 38/39 Broad Street,RG1 2AD,Reading
06665,Caprinos Pizza,Other catering premises,5,2026-05-13,93 Wokingham Road,RG6 1LH,Reading
130985,Card Factory,Retailers - other,Exempt,,46 Broad Street,RG1 2AA,Reading
62065,Card Factory at Broad Street Mall,Retailers - other,Exempt,,Broad Street,RG1 7QE,Reading
138934,Carluccios / Gourmet Burger,Restaurant/Cafe/Canteen,5,2025-04-10,The Forbury,RG1 3EU,Reading
35321,Caterlink at Alfred Sutton Primary School,School/college/university,5,2025-05-16,148 Wokingham Road,RG6 1JP,Reading
58501,Caterlink at Caversham Childrens Centre,Hospitals/Childcare/Caring Premises,5,2025-01-21,114 Amersham Road,RG4 5NA,Reading
143533,Caterlink at Caversham Park Primary,School/college/university,5,2025-06-24,Queensway,RG4 6RP,Reading
34598,Caterlink at Caversham Primary School,School/college/university,5,2024-11-21,Hemdean Road,RG4 7RA,Reading
33509,Caterlink at Christ The King RC Primary School,School/college/university,5,2026-05-14,Lulworth Road,RG2 8LX,Reading
33566,Caterlink at Coley Primary School,School/college/university,5,2026-06-08,Wolseley Street,RG1 6AZ,Reading
34572,Caterlink at Emmer Green Primary School,School/college/university,5,2025-01-30,Grove Road,RG4 8LN,Reading
30592,Caterlink at English Martyrs RC Primary School,School/college/university,5,2024-10-03,Dee Road,RG30 4BE,Reading
35339,Caterlink at EP Collier Primary School,School/college/university,5,2025-01-22,91 York Road,RG1 8DU,Reading
34055,Caterlink at Holybrook Special School,School/college/university,5,2024-09-12,145 Ashampstead Road,RG30 3LJ,Reading
29288,Caterlink at Katesgrove Primary School,School/college/university,5,2024-10-22,Dorothy Street,RG1 2NL,Reading
34745,Caterlink at Kendrick Girls School,School/college/university,5,2025-02-06,41-43 London Road,RG1 5BN,Reading
34318,Caterlink at Kennet Day Nursery at Reading Borough Council,Hospitals/Childcare/Caring Premises,5,2026-03-18,2-10 Bridge Street,RG1 2LU,Reading
34054,Caterlink at Manor Primary School,School/college/university,5,2025-04-09,110 Ashampstead Road,RG30 3LJ,Reading
34849,Caterlink at Micklands Primary School,School/college/university,5,2024-09-20,Micklands Road,RG4 6LU,Reading
33229,Caterlink at Moorlands Primary School,School/college/university,5,2024-09-12,Church End Lane,RG30 4UN,Reading
34862,Caterlink at New Christ Church Primary School,School/college/university,5,2024-07-10,Milman Road,RG2 0AY,Reading
35136,Caterlink at New Town Primary School,School/college/university,5,2026-07-15,School Terrace,RG1 3LS,Reading
140802,Caterlink at Oxford Road Primary,School/college/university,5,2025-09-08,146 Oxford Road,RG1 7PJ,Reading
35135,Caterlink at Park Lane Infants School,School/college/university,5,2025-09-18,256 School Road,RG31 5BD,Reading
35134,Caterlink at Park Lane Primary Junior School,School/college/university,5,2026-03-18,130 School Road,RG31 5BD,Reading
33407,Caterlink at Redlands Primary School,School/college/university,5,2024-09-11,Lydford Road,RG1 5QH,Reading
35150,Caterlink at Southcote Primary School,School/college/university,5,2025-11-14,Silchester Road,RG30 3EJ,Reading
35269,Caterlink at St Anne's RC Primary School,School/college/university,5,2025-09-11,Washington Road,RG4 5AA,Reading
34927,Caterlink at St John's CE Primary School,School/college/university,5,2024-09-11,121-147 Orts Road,RG1 3JN,Reading
34999,Caterlink at St Martins R C Primary School,School/college/university,5,2025-10-01,Pendennis Avenue,RG4 6SS,Reading
35283,Caterlink at St Mary's & All Saints CE Primary School,School/college/university,5,2024-05-16,149 Wensley Road,RG1 6DU,Reading
34381,Caterlink at St Michaels Primary School,School/college/university,5,2025-11-28,Dee Road,RG30 4AS,Reading
35327,Caterlink at Thameside Primary School,School/college/university,5,2025-12-18,Harley Road,RG4 8DB,Reading
35005,Caterlink at The Hill Primary School,School/college/university,5,2024-10-10,Peppard Road,RG4 8TU,Reading
34059,Caterlink at The Palmer Academy,School/college/university,5,2025-04-24,70 Northumberland Avenue,RG2 7PP,Reading
35311,Caterlink at The Ridgeway Primary School,School/college/university,5,2025-10-02,Willow Gardens,RG2 7EL,Reading
141507,Caterlink at UTC Reading,School/college/university,5,2024-09-12,Crescent Road,RG1 5RQ,Reading
31847,Caterlink at Whitley Park Primary and Nursery School,School/college/university,5,2025-06-11,Brixham Road,RG2 7RB,Reading
35314,Caterlink at Wilson Primary School,School/college/university,5,2025-09-08,Wilson Road,RG30 2RW,Reading
06849,Cats Protection - Tilehurst Charity Shop,Retailers - other,Exempt,,11 The Triangle,RG30 4RN,Reading
144688,Caversham Baptist Church,Other catering premises,5,2025-03-21,South Street,RG4 8HY,Reading
34022,Caversham Bowling Club,Pub/bar/nightclub,4,2023-08-09,Albert Road,RG4 7AN,Reading
145388,Caversham Butcher,Retailers - other,5,2025-05-15,39a Church Street,RG4 8BA,Reading
34041,Caversham Health & Fitness Club,Pub/bar/nightclub,5,2025-05-22,Archway Road,RG4 8AN,Reading
129016,Caversham Local Food & Wine,Retailers - other,5,2019-12-07,320 Hemdean Road,RG4 7QS,Reading
126384,Caversham Nursery School,Hospitals/Childcare/Caring Premises,5,2025-12-08,114 Amersham Road,RG4 5NA,Reading
33490,Caversham Park Primary School,School/college/university,5,2025-10-15,Queensway,RG4 6RP,Reading
139529,Caversham Park Village Social Club,Pub/bar/nightclub,5,2026-06-08,Milestone Way,RG4 6PF,Reading
32212,Caversham Pharmacy,Retailers - other,Exempt,,59a Hemdean Road,RG4 7SS,Reading
59710,Caversham Preparatory School,School/college/university,4,2025-04-02,16 Peppard Road,RG4 8JZ,Reading
06978,Caversham Tandoori,Takeaway/sandwich shop,AwaitingInspection,,15 Prospect Street Caversham,RG4 8JB,Reading
16999,Caversham Working Mens Club,Pub/bar/nightclub,5,2018-07-21,36 Church Street,RG4 8AU,Reading
140514,Caviar Fresh Fish,Retailers - other,4,2026-04-16,51 Whitley Street,RG2 0EG,Reading
139319,Chaaye Paani,Other catering premises,4,2025-05-21,Moulsford Mews,RG30 1AP,Reading
138310,Chaiiwala Reading,Restaurant/Cafe/Canteen,2,2026-01-19,140-142 Wokingham Road,RG6 1JL,Reading
54516,Chandni Kiosk,Retailers - other,3,2025-03-21,161 Friar Street,RG1 1HE,Reading
52250,Charles Clore Court at  A2dominion,Hospitals/Childcare/Caring Premises,5,2025-06-26,Appleford Road,RG30 3NT,Reading
34338,Chartwells at Battle Primary School,School/college/university,5,2025-09-16,Cranbury Road,RG30 2TD,Reading
140904,Chartwells at Kings Academy Prospect,School/college/university,5,2024-10-11,Cockney Hill,RG30 4EX,Reading
34898,Chartwells at Reading Girls School,School/college/university,5,2025-09-18,Northumberland Avenue,RG2 7PY,Reading
06929,Chase doughnuts,Mobile caterer,AwaitingInspection,,273 Norcot Road,RG30 6AF,Reading
101813,Chef Stevie's Caribbean Kitchen,Other catering premises,5,2026-03-03,15 Highbridge Close,RG4 6PH,Reading
06842,Chick Bunz,Restaurant/Cafe/Canteen,3,2026-03-12,41 Wokingham Road,RG6 1LG,Reading
143466,Chicken Base,Takeaway/sandwich shop,1,2026-03-18,144 Wokingham Road,RG6 1JL,Reading
140847,Chilis Indian Restaurant,Restaurant/Cafe/Canteen,5,2024-12-01,2a & 3a Kings Walk,RG1 2HG,Reading
145687,Chilis South Indian Restaurant,Restaurant/Cafe/Canteen,5,2025-05-12,Unit 8a-9a & 11a Kings Walk King Street,RG1 2HG,Reading
06812,Chill Cup,Takeaway/sandwich shop,3,2026-03-18,Unit 7a 19/23 King Street,RG1 2HG,Reading
06779,Chillim,Restaurant/Cafe/Canteen,1,2026-03-05,56 St Mary's Butts,RG1 2LG,Reading
132580,Chillim,Restaurant/Cafe/Canteen,3,2025-08-19,598-600 Oxford Road,RG30 1EG,Reading
33497,Chilmington House,Hospitals/Childcare/Caring Premises,5,2025-10-22,Armadale Court,RG30 2ES,Reading
35140,Chimney Court at A2Dominion,Hospitals/Childcare/Caring Premises,4,2025-09-16,Shilling Close,RG30 4NT,Reading
141303,Chocist,Other catering premises,5,2025-09-10,,,Reading
52147,Choice Carrisbrooke,Hospitals/Childcare/Caring Premises,5,2025-06-13,341 Peppard Road,RG4 8XG,Reading
34047,Choice Parkview,Hospitals/Childcare/Caring Premises,3,2025-08-01,1 Armour Road,RG31 6EX,Reading
35329,Choice Peppard House,Hospitals/Childcare/Caring Premises,5,2025-06-23,45 Woodcote Road,RG4 7BB,Reading
47364,"Choice, Hazeldene",Hospitals/Childcare/Caring Premises,4,2025-11-21,129 Wantage Road,RG30 2SL,Reading
137363,Chop Suey House,Takeaway/sandwich shop,3,2026-05-08,679 Oxford Road,RG30 1HP,Reading
132637,Chopstix Noodle Bar,Restaurant/Cafe/Canteen,5,2025-07-31,80 Broad Street,RG1 2AP,Reading
63204,Christian Community Action Drop In Centre,Takeaway/sandwich shop,5,2025-06-25,South Street,RG4 8HY,Reading
06509,Christine's,Other catering premises,4,2026-05-19,Oak Tree House 10 Spey Road,RG30 4DZ,Reading
39729,Chubby's Mobile Van,Mobile caterer,5,2026-05-08,468 Basingstoke Road,RG2 0QQ,Reading
145359,Churchend Primary Academy,Restaurant/Cafe/Canteen,5,2026-05-05,Usk Road,RG30 4HP,Reading
35259,Churchend Primary Academy Trust (Compass Group),School/college/university,5,2026-05-05,Usk Road,RG30 4HP,Reading
34088,Churches In Reading Drop In Centre,Restaurant/Cafe/Canteen,3,2025-12-16,Berkeley Avenue,RG1 6JT,Reading
61826,Circle Reading,Hospitals/Childcare/Caring Premises,5,2025-03-06,100 Drake Way,RG2 0NE,Reading
141664,Clay's,Restaurant/Cafe/Canteen,5,2025-06-26,22-24 Prospect Street,RG4 8JG,Reading
06876,Cloud Nine Candy Floss Art,Mobile caterer,AwaitingInspection,,2 James Street,RG1 7NR,Reading
39072,Club Era,Pub/bar/nightclub,4,2017-09-29,16 Friar Street,RG1 1DB,Reading
06532,Cmart Oriental Store,Retailers - other,5,2025-05-12,1 St Marys Butts,RG1 2LN,Reading
128971,Coconut Bar & Kitchen,Restaurant/Cafe/Canteen,3,2025-06-11,62 St Marys Butts,RG1 2LG,Reading
06662,Coconut Sweets,Takeaway/sandwich shop,5,2025-10-10,,,Reading
140102,Coffee & Cream / Cake Stop,Other catering premises,4,2025-06-04,152 Park Lane,RG31 4DU,Reading
145297,Coffee House,Restaurant/Cafe/Canteen,4,2024-08-28,33 Prospect Street,RG4 8JB,Reading
06625,Cogni Nootropia,Retailers - other,5,2026-02-20,,,Reading
313,Coley Park Off Licence,Retailers - other,Exempt,,52 Wensley Road,RG1 6DJ,Reading
06552,Coley Park Pantry,Retailers - other,5,2025-04-03,Coley Park Baptist Church Wensley Road,RG1 6DU,Reading
06558,Compass at SSE,Restaurant/Cafe/Canteen,5,2025-04-30,1 Forbury Place 43 Forbury Road,RG1 3JH,Reading
35103,Compass Catering at Select Car Leasing Stadium,Restaurant/Cafe/Canteen,5,2023-03-02,Shooters Way,RG2 0FL,Reading
136803,Compass Group Uk and Ireland,Restaurant/Cafe/Canteen,5,2026-06-03,2 Forbury Place,RG1 3JH,Reading
133479,Comptoir Libanais at The Oracle,Restaurant/Cafe/Canteen,5,2025-11-20,Riverside Pavilion,RG1 2LR,Reading
1187,Conisboro Express,Retailers - other,3,2025-03-28,46 Conisboro Avenue,RG4 7JB,Reading
61101,Co-operative Food,Retailers - supermarkets/hypermarkets,5,2025-01-02,100 South View Avenue,RG4 5BB,Reading
47611,Co-operative Food,Retailers - supermarkets/hypermarkets,5,2024-12-17,124 Henley Road,RG4 6DH,Reading
31464,Co-operative Food,Retailers - supermarkets/hypermarkets,5,2025-02-25,164-168 Whitley Wood Road,RG2 8LQ,Reading
1250,Co-operative Food,Retailers - supermarkets/hypermarkets,5,2025-08-12,201 London Road,RG1 3NU,Reading
428,Co-operative Food,Retailers - supermarkets/hypermarkets,5,2018-07-24,29-35 School Road,RG31 5AR,Reading
1269,Co-operative Food,Retailers - supermarkets/hypermarkets,5,2025-09-17,55-57 Erleigh Road,RG1 5NL,Reading
34577,Cornerstones/A2Dominion,Hospitals/Childcare/Caring Premises,5,2025-11-27,Halcyon Terrace,,Reading
61669,Cosmo,Restaurant/Cafe/Canteen,5,2026-05-03,35-38 Friar Street,RG1 1DX,Reading
139342,Costa Coffee,Other catering premises,5,2026-05-08,1 The Triangle,RG30 4RW,Reading
51801,Costa Coffee,Restaurant/Cafe/Canteen,5,2025-10-16,43 Church Street,RG4 8BA,Reading
138392,Costa Coffee,Other catering premises,5,2025-01-04,99 Broad Street,RG1 2AX,Reading
135102,Costa Coffee,Restaurant/Cafe/Canteen,5,2025-08-26,Proctor End North,RG2 0GG,Reading
25989,Costa Coffee at Reading Rail Station Concourse,Restaurant/Cafe/Canteen,5,2026-04-06,Station Approach,RG1 1LT,Reading
54710,Costa Coffee at Tesco,Restaurant/Cafe/Canteen,5,2026-04-18,Portman Road,RG30 1AH,Reading
33192,Costa Coffee Store,Restaurant/Cafe/Canteen,5,2025-09-19,4 Butter Market,RG1 2DP,Reading
132250,Costa Coffee Store at Reading Gate Retail Park,Restaurant/Cafe/Canteen,5,2026-07-10,,RG2 0QG,Reading
57186,Costcutter,Retailers - other,2,2026-06-12,70 Christchurch Road,RG2 7AZ,Reading
06592,Cosy Club Reading,Restaurant/Cafe/Canteen,5,2025-07-16,L30 The Oracle Shopping Centre Minster Street,RG1 2AQ,Reading
60474,Cote Brasserie at The Oracle,Restaurant/Cafe/Canteen,5,2026-06-08,Bridge Street,RG1 2AG,Reading
34339,Cranbury College,School/college/university,4,2026-05-20,Cranbury Road,RG30 2TS,Reading
144162,Creams Café Reading,Restaurant/Cafe/Canteen,4,2025-06-22,14-16 Oxford Road,RG1 7LA,Reading
145393,Creperie Doux Sourire,Other catering premises,4,2024-10-25,Bridge Street,RG1 2AG,Reading
34346,Cressingham Short Break,Hospitals/Childcare/Caring Premises,5,2026-01-27,27 Cressingham Road,RG2 7RU,Reading
126589,Crispy Dosa Kitchen,Other catering premises,4,2025-03-27,20 Portman Road,RG30 1EA,Reading
138640,Crispy Dosa Restaurant,Restaurant/Cafe/Canteen,5,2026-02-03,60 Oxford Road,RG1 7LT,Reading
06838,Crispy flavours,Takeaway/sandwich shop,4,2026-04-20,189 London Road,RG1 3NU,Reading
61316,Cross Country Trains at Reading Rail Station,Restaurant/Cafe/Canteen,5,2017-09-26,Station Approach,,Reading
17228,Crown Lodge Guest House,Hotel/bed & breakfast/guest house,5,2023-08-08,27 Russell Street,RG1 7XD,Reading
138817,Crumbs Food Co  at Meadow Park Academy,School/college/university,3,2026-06-29,Norcot Road,RG30 6BS,Reading
130092,Crumbs Food Co / Mash Up / Honolulu Poke / Whip It Up,Takeaway/sandwich shop,4,2025-12-08,64 Portman Road,RG30 1EA,Reading
138492,Crumbs Food Co @ Green Park Village Primary Academy,School/college/university,5,2025-02-11,2 Flagstaff Road,RG2 6AX,Reading
128471,Crumbs Food Co at All Saints Junior School,School/college/university,5,2025-02-27,Brownlow Road,RG1 6NP,Reading
133060,Crumbs Food Co at Civitas Academy,School/college/university,5,2025-11-17,90a Great Knollys Street,RG1 7HL,Reading
144081,Culinary Delights,Other catering premises,AwaitingInspection,,,,Reading
139587,CultureMix Arts & Music Centre,Pub/bar/nightclub,5,2025-08-21,7 Queens Walk,RG1 7QF,Reading
130935,CUP Coffee Under Pressure,Restaurant/Cafe/Canteen,5,2025-12-12,53 St Marys Butts,RG1 2LG,Reading
134859,CUP Speciality Coffee & Tea,Restaurant/Cafe/Canteen,3,2025-07-31,7 Blagrave Street,RG1 1PJ,Reading
06923,Curry Chef,Restaurant/Cafe/Canteen,3,2026-04-27,469 Northumberland Avenue,RG2 8LZ,Reading
06819,Curry House,Other catering premises,5,2026-07-02,,,Reading
144878,Curry Rasoi,Takeaway/sandwich shop,5,2026-05-20,77 Northumberland Avenue,RG2 7PT,Reading
13721,D & D Convenience Store,Retailers - other,1,2025-06-01,29 Whitley Wood Lane,RG2 8PN,Reading
140167,D&A Catering,Other catering premises,5,2024-11-03,,,Reading
144135,D&D Convenience Store,Retailers - other,4,2024-02-12,23 Cholmeley Road,RG1 3NQ,Reading
101817,D’s House Bakery,Other catering premises,5,2024-02-27,,,Reading
144795,Da Spottt,Restaurant/Cafe/Canteen,5,2024-11-10,178-180 Oxford Road,RG1 7PL,Reading
141840,Da Village Afghan Resteraunt,Restaurant/Cafe/Canteen,5,2025-01-05,387 Oxford Road,RG30 1HA,Reading
06870,Dahlia’s Bakehouse,Other catering premises,AwaitingInspection,,,,Reading
144522,Dailyz,Restaurant/Cafe/Canteen,3,2026-03-24,30 Canterbury Road,RG2 7TA,Reading
06536,Daisy Rose Daycare,Other catering premises,5,2025-03-14,,,Reading
34144,Davina News Off Licence,Retailers - other,4,2025-03-21,74 Broad Street,RG1 2AF,Reading
134959,Davinas Local,Retailers - other,5,2021-11-25,23 Friar Street,RG1 1DP,Reading
142797,Deccan House,Restaurant/Cafe/Canteen,3,2026-04-07,215 London Road,RG1 3NY,Reading
137771,Dee Caf Community Cafe,Restaurant/Cafe/Canteen,5,2026-04-24,12 Spey Road,RG30 4DG,Reading
06692,Delicere Bakery,Mobile caterer,5,2025-10-17,33 Kingsway Caversham,RG4 6RA,Reading
06949,Deliverooti,Other catering premises,AwaitingInspection,,,,Reading
140448,Demir Food,Other catering premises,5,2025-07-24,,,Reading
144485,DeNata,Restaurant/Cafe/Canteen,3,2026-03-19,377 Oxford Road,RG30 1HA,Reading
06508,Depeaches Events,Mobile caterer,5,2026-02-17,14 Brent Gardens,RG2 7SS,Reading
116982,Desire's Kitchen,Other catering premises,5,2025-02-25,,,Reading
145219,Dessi Bite/Biryani Max,Takeaway/sandwich shop,5,2026-04-20,227 London Road,RG1 3NY,Reading
138867,Devil's Kitchen / Dope / Chi Taco / Doner / Spag Bowl / Hail C / Mac Junkies / YouVegan/ Taste On/ Crazy Chicken/ Smash Out/ In Fry/ Filthy Vegan/ Crazy Egg/ Milano'z Pizza/ Kings Kitchen,Takeaway/sandwich shop,5,2026-01-14,166 Oxford Road,RG1 7PJ,Reading
40964,Devonshire Care Home,Hospitals/Childcare/Caring Premises,4,2025-12-16,Rodway Road,RG30 6TP,Reading
140758,Dhaulagiri Kitchen Cafe and Restaurant,Restaurant/Cafe/Canteen,3,2026-02-17,63 Basingstoke Road,RG2 0ER,Reading
06800,Dice Forge,Other catering premises,AwaitingInspection,,,,Reading
34320,Dickory Docks Educational Day Nursery,Hospitals/Childcare/Caring Premises,5,2025-06-10,Prospect  School,RG30 4EX,Reading
142178,Dilraj,Takeaway/sandwich shop,4,2025-07-23,23 School Road,RG31 5AR,Reading
139066,Dingtea,Other catering premises,4,2025-12-04,19-23 King Street,RG1 2HG,Reading
106888,Dinner Parties t/a My'lkd,Other catering premises,5,2025-03-27,,,Reading
06555,Dolphin's Caribbean Restaurant And Bar,Restaurant/Cafe/Canteen,5,2025-05-13,59-60 St Marys Butts,RG1 2LG,Reading
32399,Domino's Pizza,Takeaway/sandwich shop,5,2024-06-29,427 Oxford Road,RG30 1HA,Reading
133536,Domino's Pizza,Takeaway/sandwich shop,5,2025-11-13,64 Christchurch Road,RG2 7AZ,Reading
58741,Domino's Pizza,Takeaway/sandwich shop,5,2024-10-11,76 School Road,RG31 5AW,Reading
28794,Domino's Pizza,Takeaway/sandwich shop,5,2025-09-02,95 Wokingham Road,RG6 1LH,Reading
129023,Domino's Pizza at Milestone Way Precinct,Takeaway/sandwich shop,5,2025-09-11,Milestone Way,RG4 8XW,Reading
06815,Donnington Deli,Takeaway/sandwich shop,4,2026-03-26,37 Erleigh Road,RG1 5NB,Reading
134104,Doreensdelight,Other catering premises,5,2019-09-08,,,Reading
134872,Double Barrelled Brewery Ltd,Manufacturers/packers,5,2019-02-08,Stadium Way,RG30 6BX,Reading
140377,Doughnut Time,Takeaway/sandwich shop,5,2023-04-11,Bridge Street,RG1 2AG,Reading
06805,Doughza,Takeaway/sandwich shop,5,2026-03-18,87 Northumberland Avenue,RG2 7PT,Reading
58753,Downshire House,Hospitals/Childcare/Caring Premises,5,2025-07-17,9 Downshire Square,RG1 6NJ,Reading
48819,Dragon Garden,Takeaway/sandwich shop,5,2026-07-13,471 Northumberland Avenue,RG2 8LZ,Reading
140829,Drinks 4 U,Retailers - other,5,2025-07-29,36 Market Place,RG1 2DE,Reading
06791,Dr's Kitchen,Mobile caterer,AwaitingInspection,,Pakistan Community Centre Park Hall 373 London Road,RG1 3PA,Reading
140957,Dua Lounge,Other catering premises,1,2026-06-22,355 Oxford Road,RG30 1AY,Reading
06899,Dubai Sweet Treats,Mobile caterer,AwaitingInspection,,Flat 43 West Fryerne Parkside Road,RG30 2BY,Reading
33435,Dudmans of Berkshire,Retailers - other,5,2025-08-18,Unit 2 Manor Commercial Centre 12 Commercial Road,RG2 0QJ,Reading
139681,Dynasty,Restaurant/Cafe/Canteen,4,2025-08-02,18 Richfield Avenue,RG1 8PA,Reading
06526,E P Collier Primary School,Other catering premises,5,2025-03-31,Ross Road,RG1 8DZ,Reading
51632,Earley Cafe,Restaurant/Cafe/Canteen,5,2024-09-07,121 Wokingham Road,RG6 1LH,Reading
140584,Eastern Choice,Takeaway/sandwich shop,4,2025-11-18,28 Coronation Square,RG30 3QN,Reading
135003,Easy Hotel,Hotel/bed & breakfast/guest house,5,2018-11-08,132-138 Caversham Road,RG1 8AY,Reading
34891,Eat at St Patricks & St Patrick's Bar at University of Reading,Restaurant/Cafe/Canteen,5,2026-04-23,20 Northcourt Avenue,RG2 7HB,Reading
35252,Eat at Wantage Hall & Wantage Bar at University of Reading,School/college/university,5,2024-11-19,Upper Redlands Road,RG1 5JG,Reading
06598,Eatnua,Restaurant/Cafe/Canteen,5,2025-08-01,15 Gun Street,RG1 2JR,Reading
145323,EC Catering Partners,Other catering premises,5,2026-04-25,Biscuit Way,RG2 0FL,Reading
06906,Eco Market,Retailers - other,5,2026-04-27,117-119 Oxford Road,RG1 7UH,Reading
142132,Edmundson Electrical,Other catering premises,5,2023-05-18,146 Cardiff Road,RG1 8EW,Reading
145255,Elior @ The Wood Group,Restaurant/Cafe/Canteen,5,2024-08-29,400 Longwater Avenue,RG2 6GF,Reading
46808,Elles Baguettes,Takeaway/sandwich shop,5,2026-04-18,200 Oxford Road,RG30 1AB,Reading
54208,Elles Baguettes at Selco,Restaurant/Cafe/Canteen,5,2024-05-10,Portman Road,RG30 1EA,Reading
34273,Elmhurst Hotel,Hotel/bed & breakfast/guest house,1,2026-02-18,51 Church Road,RG6 1EY,Reading
06643,Elnette Parsons,Other catering premises,5,2025-07-25,,,Reading
06759,Emmanuel Pantry,Other catering premises,4,2026-02-18,Emmanuel Methodist Church 448 Oxford Road,RG30 1EE,Reading
138264,Emmas Cake House,Other catering premises,5,2025-07-18,,,Reading
33379,Emmbrook Court Very Sheltered Housing,Restaurant/Cafe/Canteen,5,2026-03-19,Emmbrook Court South Drive,RG6 5TZ,Reading
136749,Emmer Green Kindergarten,Hospitals/Childcare/Caring Premises,5,2025-01-06,85 Grove Road,RG4 8LJ,Reading
06888,Ephesus,Restaurant/Cafe/Canteen,4,2026-03-24,19 Whitley Street,RG2 0EG,Reading
33368,Erleigh Road Pharmacy,Retailers - other,Exempt,,85-87 Erleigh Road,RG1 5NN,Reading
134793,Escape Hunt,Pub/bar/nightclub,5,2024-02-02,King Street,RG1 2HG,Reading
116968,Esmae’s Emporium,Other catering premises,5,2025-06-25,,,Reading
06728,Esquires Coffee,Restaurant/Cafe/Canteen,5,2026-03-11,8 Flagstaff Road,RG2 6AX,Reading
144723,Eugreeka!,Takeaway/sandwich shop,2,2025-12-11,89 Wokingham Road,RG6 1LH,Reading
128824,Euro Deli,Retailers - other,5,2025-05-24,185 Oxford Road,RG1 7UZ,Reading
141412,European Mini Market,Retailers - supermarkets/hypermarkets,3,2024-07-13,462 Oxford Road,RG30 1EE,Reading
62345,Evans Cycles,Retailers - other,Exempt,,Mill Lane,RG1 2HN,Reading
06608,Events by Nathalie,Other catering premises,5,2026-01-20,,,Reading
2531,Everest Tandoori Restaurant at Meadway Precinct,Restaurant/Cafe/Canteen,5,2025-09-03,Honey End Lane,RG30 4AA,Reading
06541,Everyday Express,Retailers - other,5,2026-02-26,260-262 Kentwood Hill Tilehurst,RG31 6DR,Reading
06746,Evians Food,Restaurant/Cafe/Canteen,5,2026-04-23,Huntley Place 1 Flagstaff Road,RG2 6AR,Reading
138099,Exotic Food Market Ltd,Retailers - other,3,2025-01-31,82-84 Whitley Street,RG2 0EQ,Reading
49584,Exotic Superstores,Retailers - other,4,2024-01-27,732 Oxford Road,RG30 1EH,Reading
06681,ExoticEstore,Retailers - supermarkets/hypermarkets,5,2025-11-03,24b Portman Road,RG30 1EA,Reading
35342,Eyre & Elliston,Retailers - other,Exempt,,9c Loverock Road,RG30 1DZ,Reading
06934,Faaji Foods UK,Takeaway/sandwich shop,AwaitingInspection,,,,Reading
06566,Fab4All,Other catering premises,4,2025-05-20,Unit 16 North Street,RG1 7DA,Reading
06531,Family Shopper,Retailers - supermarkets/hypermarkets,4,2025-02-12,27 School Road Tilehurst,RG30 5AR,Reading
06708,Farmhouse Pizza,Takeaway/sandwich shop,4,2026-07-01,435 Oxford Road,RG30 1HD,Reading
06877,Fat Twins Reading,Restaurant/Cafe/Canteen,3,2026-03-06,120 London Road,RG1 5AY,Reading
143290,Favourite Chicken,Takeaway/sandwich shop,3,2025-04-26,10 St Marys Butts,RG1 2LN,Reading
06675,Fennies Day Nurseries,Other catering premises,5,2026-04-23,Kilnbrook House Rose Kiln Lane,RG2 0BY,Reading
133842,Fidget & Bob,Restaurant/Cafe/Canteen,5,2025-01-30,Whale Avenue,RG2 0GX,Reading
06583,Fire Thru at 365 Gym,Restaurant/Cafe/Canteen,1,2026-05-21,33 Meadway Precinct Honey End Lane,RG30 4AA,Reading
85386,Fi's Kitchen,Other catering premises,AwaitingInspection,,,,Reading
06657,Five Guys,Restaurant/Cafe/Canteen,5,2026-03-02,Unit R13 The Riverside The Oracle,RG1 2AG,Reading
06715,Flava Fusionn,Mobile caterer,5,2025-12-10,27 Margaret Close,RG2 8PU,Reading
06872,Flavour Fusion,Other catering premises,AwaitingInspection,,,,Reading
139341,Flavour of Mauritius,Other catering premises,5,2025-06-13,143-145 Caversham Road,RG1 8AU,Reading
135321,Fledglings Lodge,Hospitals/Childcare/Caring Premises,5,2023-10-16,51 Armour Hill,RG31 6JP,Reading
06951,Flight Club Darts,Pub/bar/nightclub,5,2026-05-15,1 Station Hill Square,RG1 1LN,Reading
103569,Flip,Mobile caterer,AwaitingInspection,,35 Bolton Drive,RG2 9RD,Reading
141936,Florence House Nursing Home,Hospitals/Childcare/Caring Premises,2,2025-11-18,16-22 Westcote Road,RG30 2DE,Reading
143523,Fluffy Fluffy Reading at Kings Walk,Other catering premises,5,2025-09-03,19-23 Kings Street,RG1 2HG,Reading
144196,Food Avenue,Restaurant/Cafe/Canteen,5,2025-01-31,168c Whitley Wood Road,RG2 8LQ,Reading
142408,"Foodwise Reading, Food Coach",Hospitals/Childcare/Caring Premises,5,2024-12-19,Northumberland Avenue,,Reading
31794,Forbury Gardens Day Nursery,Hospitals/Childcare/Caring Premises,5,2025-06-24,Abbots Walk,RG1 3HW,Reading
51046,Four Seasons Fish & Chips,Takeaway/sandwich shop,3,2025-09-08,268 Kentwood Hill,RG31 6DR,Reading
2229,Fox And Hounds,Pub/bar/nightclub,3,2026-07-06,51 Gosbrook Road,RG4 8BN,Reading
59500,Freddie's Afro Caribbean,Retailers - other,2,2025-06-17,33 Whitley Street,RG2 0EG,Reading
128359,Fresh Gurkha Grocery,Retailers - other,1,2026-06-11,253 London Road,RG1 3NY,Reading
133321,Friends Coffee House Battle Block at Royal Berkshire Hospital,Restaurant/Cafe/Canteen,4,2025-02-06,London Road,RG1 5AN,Reading
145671,Friend's Pizza & Grill,Restaurant/Cafe/Canteen,3,2025-12-09,229C London Road,RG1 3NY,Reading
49815,Fuel Juice Bar at The Oracle,Takeaway/sandwich shop,5,2025-10-23,Bridge Street,RG1 2AQ,Reading
06570,Funky Fries Co.,Other catering premises,AwaitingInspection,,,,Reading
06774,Funtastic Kids @ The Ridgeway,School/college/university,5,2026-02-10,The Ridgeway Primary School,RG2 8JD,Reading
144936,Funtastic Kids at Geoffrey Field Junior School,Hospitals/Childcare/Caring Premises,5,2025-11-21,Exbourne Road,RG2 8RH,Reading
39365,Funtastic Kids at Whitley Park Primary and Nursery School,Hospitals/Childcare/Caring Premises,5,2025-08-13,Brixham Road,RG2 7RB,Reading
141099,GAIL's Reading,Restaurant/Cafe/Canteen,5,2024-12-13,134 Broad Street,RG1 2BD,Reading
06548,Garam,Mobile caterer,4,2025-10-01,3 Minster Court Minster Street,RG1 2JF,Reading
06559,Gather & Gather UK,Restaurant/Cafe/Canteen,5,2025-05-19,41 West Street,RG1 1TZ,Reading
25607,Genting Casino (Reading),Restaurant/Cafe/Canteen,5,2025-12-22,18 Richfield Avenue,RG1 8PA,Reading
145360,Geo Cafe,Restaurant/Cafe/Canteen,5,2026-04-21,10 Prospect Street,RG4 8JG,Reading
141153,Geo-Bakery,Retailers - other,5,2024-07-24,10 Prospect Street,RG4 8JG,Reading
34406,Geoffrey Field Infant & Junior School,School/college/university,5,2023-12-04,Exbourne Road,RG2 8RH,Reading
40108,George's Kebab Mobile Van,Mobile caterer,5,2024-05-09,Scours Lane,,Reading
134559,German Doner Kebab,Takeaway/sandwich shop,4,2025-10-31,106 Friar Street,RG1 1EP,Reading
142842,Get Active Sports,Other catering premises,3,2025-03-11,Lydford Road,RG1 5QH,Reading
138257,Ginger Perkins Artisan Bakery,Other catering premises,5,2022-03-29,,,Reading
06596,GK,Takeaway/sandwich shop,4,2025-11-13,49 Whitley Street,RG2 0EG,Reading
140166,Global Hospitality Group UK,Other catering premises,5,2025-07-21,Key House Cow Lane,RG1 8NA,Reading
06955,Gloria's Food Hall,Takeaway/sandwich shop,2,2026-05-28,Reading Biscuit Factory 19 Queens Walk,RG1 7QE,Reading
06798,Go Beanies Play & Learn (Palmer Academy),Other catering premises,5,2026-03-10,70 Northumberland Avenue,RG2 7PP,Reading
06796,Go Beanies Play & Learn (Civitas Academy),Other catering premises,5,2026-03-16,Civitas Academy 90a Great Knolly's Street,RG1 7HL,Reading
06797,Go Beanies Play & Learn (Green Park),Other catering premises,5,2026-03-11,Green Park Village Academy 2 Flagstaff Road,RG2 6AX,Reading
145262,Go Fresh Fish,Retailers - other,1,2026-05-06,232 Shinfield Road,RG2 8EX,Reading
06699,Go Sing Chinese Takeaway,Takeaway/sandwich shop,5,2025-10-16,30 Prospect Street Caversham,RG4 8JL,Reading
130069,Golden Bridge,Takeaway/sandwich shop,3,2025-05-13,173 Caversham Road,RG1 8BB,Reading
55618,Golden Chef Chinese Takeaway,Takeaway/sandwich shop,2,2025-03-23,72 Briants Avenue,RG4 5BA,Reading
138366,Golden Rice,Takeaway/sandwich shop,4,2025-08-15,31 Whitley Street,RG2 0EG,Reading
06864,Goldilocks Nursery,Hospitals/Childcare/Caring Premises,5,2025-03-19,77 School Road,RG31 5AT,Reading
06976,Good Old Days Hong Kong,Takeaway/sandwich shop,AwaitingInspection,,66 George Street,RG4 8DH,Reading
132563,Good One Supermarket,Retailers - other,5,2023-10-25,236 Northumberland Avenue,RG2 7QA,Reading
06756,Goodday Home Food,Other catering premises,3,2026-03-10,,,Reading
144916,Gooi Nara,Restaurant/Cafe/Canteen,1,2026-06-16,39 Whitley Street,RG2 0EG,Reading
138962,Gordon Ramsay Street Burger,Other catering premises,5,2026-07-03,Unit R17B Riverside Level,RG1 2AG,Reading
145341,Gosbrook Local,Retailers - other,5,2024-11-09,228 Gosbrook Road,RG4 8BL,Reading
06733,Gourmet Eats London,Mobile caterer,1,2026-03-11,272-274 Elgar Road South,RG2 0BZ,Reading
136704,GPR Food & Wine,Retailers - other,5,2023-06-06,513 Oxford Road,RG30 1HF,Reading
58135,Grange Pre School,Hospitals/Childcare/Caring Premises,5,2025-03-26,Circuit Lane,RG30 3HD,Reading
06843,Grape Tree,Retailers - other,1,2026-03-27,64 Broad Street Mall,RG1 7QE,Reading
138789,Green Bike Food Company,Takeaway/sandwich shop,5,2024-07-13,Gillette Way,RG2 0LR,Reading
06530,Green Whisk Bakery,Other catering premises,5,2025-03-28,,,Reading
06593,Greenshaw Learning Trust at John Madejski Academy,Other catering premises,5,2025-06-13,125 Hartland Road,RG2 8AF,Reading
32936,Greggs,Retailers - other,5,2026-05-26,10 Queen Victoria Street,RG1 1TG,Reading
06547,Greggs,Takeaway/sandwich shop,5,2025-04-22,162 Bath Road,RG30 2HA,Reading
138810,Greggs,Takeaway/sandwich shop,5,2026-04-03,203-205 Shinfield Road,RG2 8HA,Reading
48527,Greggs,Retailers - other,5,2026-05-27,38 Market Place,RG1 2DE,Reading
34271,Greggs,Retailers - other,5,2025-09-02,82 Christchurch Road,RG2 7AZ,Reading
06540,Greggs at Broad St Mall,Retailers - other,5,2024-10-25,Broad Street,RG1 7QE,Reading
06616,Grill Masters,Mobile caterer,5,2025-05-12,26 Abingdon Drive Caversham,RG4 6SE,Reading
06980,Grilla Kitchen,Restaurant/Cafe/Canteen,AwaitingInspection,,41 Whitley Street Reading,RG2 0EG,Reading
141736,Grip UK,Restaurant/Cafe/Canteen,5,2025-01-19,Stadium Way,RG30 6BX,Reading
06971,Grocery Asia,Retailers - supermarkets/hypermarkets,4,2026-04-27,19-20 Meadway Precinct,RG30 4AA,Reading
33520,Grosvenor Casino,Restaurant/Cafe/Canteen,5,2025-01-24,1 Queens Road,RG1 4SY,Reading
62323,Grosvenor Casino,Restaurant/Cafe/Canteen,5,2025-09-19,Rose Kiln Lane,RG2 0SN,Reading
139505,Gulab Dining,Other catering premises,4,2026-04-28,130-134 Wokingham Road,RG6 1JL,Reading
06747,Gun Street Garden,Pub/bar/nightclub,4,2025-12-12,5-6 Gun Street,RG1 2JR,Reading
06613,Gurungs,Retailers - other,5,2025-08-05,191-193 London Road,RG1 3NU,Reading
06767,Gym Stack,Retailers - other,AwaitingInspection,,,,Reading
134542,Gymfinity Kids Reading,Restaurant/Cafe/Canteen,5,2025-08-15,Gillette Way,RG2 0BS,Reading
1188,H.K. Stores,Retailers - other,3,2025-03-20,47 Hemdean Road,RG4 7SY,Reading
142962,Hala Lebanese,Restaurant/Cafe/Canteen,5,2025-09-04,133 Wokingham Road,RG6 1LW,Reading
06689,Hao Chi Oriental,Takeaway/sandwich shop,5,2026-05-28,115 Wokingham Road,RG6 1LH,Reading
06924,Happy Belly,Mobile caterer,AwaitingInspection,,,,Reading
141358,Happy Health Nutrition Club,Restaurant/Cafe/Canteen,4,2024-09-26,7 Harris Arcade,RG1 1DN,Reading
06664,Happy Panda Café,Restaurant/Cafe/Canteen,5,2026-07-09,80 Christchurch Road,RG2 7AZ,Reading
100203,Harper’s Candylicious Sweets,Importers/Exporters,5,2024-07-16,82 Belmont Road,RG30 2UU,Reading
145075,Harput Kebab,Takeaway/sandwich shop,3,2026-05-27,139 Oxford Road,RG1 7UU,Reading
34409,Harrison Catering Services at Blessed Hugh Faringdon School,School/college/university,5,2026-01-07,Fawley Road,RG30 3EP,Reading
145499,Harrison Catering Services at The Heights Primary School,School/college/university,5,2024-11-20,129 Upper Woodcote Road,RG4 7LB,Reading
143619,Harrison Catering Services Limited at The Wren School,School/college/university,4,2025-09-09,61-63 Bath Road,RG30 2BB,Reading
06991,Haute Dolci,Restaurant/Cafe/Canteen,AwaitingInspection,,Unit 15 A Riverside The Oracle,RG1 2AG,Reading
32353,Herbal Green at Broad St Mall,Retailers - other,Exempt,,Broad Street,RG1 7QE,Reading
06823,Hevs Premier,Retailers - other,AwaitingInspection,,733 Oxford Road,RG30 1JA,Reading
52003,Hewad Store,Retailers - other,2,2026-02-25,774 Oxford Road,RG30 1EL,Reading
06580,Hexham Road Pantry,Other catering premises,5,2025-08-13,Hexham Road Community Centre 1a Bamburg Close,RG2 7UD,Reading
143301,Hey Coffee,Restaurant/Cafe/Canteen,4,2025-04-27,Liebenrood Road,RG30 2ND,Reading
06918,Hey Flash,Mobile caterer,AwaitingInspection,,,,Reading
51432,Hilton Reading,Hotel/bed & breakfast/guest house,5,2025-04-25,Drake Way,RG2 0GH,Reading
31894,Himalayan Hot Spot,Restaurant/Cafe/Canteen,2,2025-10-09,1 School Road,RG31 5AR,Reading
06886,Hirva Tiffin Service,Other catering premises,AwaitingInspection,,,,Reading
32809,HMV at The Oracle,Retailers - other,Exempt,,Bridge Street,RG1 2AH,Reading
33160,Holiday Inn Reading South,Hotel/bed & breakfast/guest house,5,2025-08-04,500 Basingstoke Road,RG2 0QN,Reading
1474,Holland & Barrett at Broad St Mall,Retailers - other,Exempt,,Broad Street,RG1 7QE,Reading
128859,Holland & Barrett at The Oracle,Retailers - other,5,2025-08-12,Bridge Street,RG1 2AH,Reading
133841,Holland and Barrett at Tesco Extra,Retailers - other,5,2025-07-16,Napier Road,RG1 8DF,Reading
138011,Hollywood Bowl,Restaurant/Cafe/Canteen,5,2026-03-30,Riverside Level,RG1 2AG,Reading
127583,Holroyd Howe at Abbey Gardens,School/college/university,5,2024-12-04,12 Christchurch Gardens,RG2 7AH,Reading
34267,Holroyd Howe at Abbey Junior School,School/college/university,4,2025-12-09,30 Christchurch Road,RG2 7AR,Reading
133220,Holroyd Howe at The Abbey Senior School,School/college/university,5,2026-04-14,17 Kendrick Road,RG1 5DZ,Reading
141725,Home Bargains,Retailers - supermarkets/hypermarkets,5,2025-04-14,Units 4 & 5 Brunel Retail Park,RG2 0HS,Reading
63397,Home Bargains at Reading Link Retail Park,Retailers - other,5,2023-04-11,Rose Kiln Lane,RG2 0SN,Reading
134947,Home Cooking,Takeaway/sandwich shop,3,2026-01-29,2 Highgrove Street,RG1 5EN,Reading
143456,Home Group Limited,Hospitals/Childcare/Caring Premises,AwaitingInspection,,1 Flagstaff Road,RG2 6AR,Reading
59501,Homesense,Retailers - other,Exempt,,Forbury Road,RG1 3JD,Reading
06794,Homie's,Takeaway/sandwich shop,5,2026-03-31,2 Cholsey House Moulsford Mews,RG30 1AP,Reading
132886,Honest Burgers,Restaurant/Cafe/Canteen,5,2025-12-18,Unit 2 1-5 King Street,RG1 2HE,Reading
143680,Honesty Group,Restaurant/Cafe/Canteen,5,2025-10-30,2 Napier Road,,Reading
144239,Honey & Ghee,Retailers - other,4,2026-05-06,232 Shinfield Road,RG2 8EX,Reading
135667,Honey Bee Day Care at Tilia House,Hospitals/Childcare/Caring Premises,5,2025-10-16,London Road,RG1 3PA,Reading
138262,Honeypie Bakery,Other catering premises,5,2021-03-16,,,Reading
145565,Hong Kong City,Takeaway/sandwich shop,3,2026-02-18,50 Erleigh Road,RG1 5NA,Reading
60763,Hope & Bear,Pub/bar/nightclub,5,2025-06-01,153 London Road,RG1 5DE,Reading
32346,Hot Stuff,Takeaway/sandwich shop,4,2024-10-17,421 Oxford Road,RG30 1HA,Reading
51147,Hotel Chocolat at The Oracle,Retailers - other,Exempt,,Bridge Street,RG1 2AH,Reading
64268,House of Flavours,Restaurant/Cafe/Canteen,5,2025-11-13,34-36 Kings Road,RG1 3AA,Reading
141388,Hungry Birds,Takeaway/sandwich shop,5,2026-06-29,256 Kentwood Hill,RG31 6DR,Reading
06703,Ibis Reading Centre,Restaurant/Cafe/Canteen,5,2025-10-24,25A Friar Street,RG1 1DP,Reading
57998,Iceland,Retailers - supermarkets/hypermarkets,5,2025-02-07,39 Church Street,RG4 8BA,Reading
134768,Iceland,Retailers - supermarkets/hypermarkets,5,2025-02-13,47 Oxford Road,RG1 7QG,Reading
58525,ICMA Centre Cafe Bar 2 University Of Reading,Restaurant/Cafe/Canteen,5,2024-04-05,Whiteknights Campus PO Box 242,RG6 6BA,Reading
144873,Impact Food Group @ St Edward's Prep,School/college/university,5,2026-05-18,64 Tilehurst Road,RG30 2JH,Reading
34888,Indian Community Centre,Restaurant/Cafe/Canteen,4,2025-11-19,2 Norris Road,RG6 1NJ,Reading
54625,Indian Corner/ Kebab Corner,Takeaway/sandwich shop,5,2024-08-03,745 Oxford Road,RG30 1JA,Reading
06714,Intoku Bowls Sushi Bar,Restaurant/Cafe/Canteen,3,2025-12-23,30a Chain Street,RG1 2HX,Reading
140598,Iro Sushi,Takeaway/sandwich shop,3,2025-10-07,155 Friar Street,RG1 1HE,Reading
48951,Island Bohemian Bowls Club,Pub/bar/nightclub,5,2025-06-25,Thames Side,RG1 8DG,Reading
33516,ISS Mediclean at Prospect Park Hospital,Hospitals/Childcare/Caring Premises,5,2026-03-09,Honey End Lane,RG30 4EJ,Reading
133307,Istanbul Food Centre,Retailers - other,3,2025-10-14,282-284 Oxford Road,RG30 1AD,Reading
141169,Istanbul Grill,Takeaway/sandwich shop,4,2025-12-11,77 Wokingham Road,RG6 1LH,Reading
06576,Istanbul Mangal,Takeaway/sandwich shop,3,2026-04-14,15 The Triangle Tilehurst,RG30 4RN,Reading
06853,Itsu,Restaurant/Cafe/Canteen,5,2026-04-14,31 Queen Victoria Street,RG1 1SY,Reading
141137,J Guris,Retailers - other,4,2024-11-14,53 Wokingham Road,RG6 1LH,Reading
06500,Jadacooksss,Takeaway/sandwich shop,4,2025-03-21,211 Caversham Road,RG1 8BB,Reading
142128,Jaffa Street / Puree,Takeaway/sandwich shop,5,2024-09-22,Unit B1 Great Knollys Street,RG1 7HN,Reading
133219,Jamaica Blue Coffee Shop South Block at Royal Berkshire Hospital,Restaurant/Cafe/Canteen,4,2025-02-06,Craven Road,RG1 5AW,Reading
06926,JAMPat’s,Mobile caterer,AwaitingInspection,,,,Reading
06609,Jamrock Carribean Cuisine,Other catering premises,3,2025-06-17,,,Reading
06824,jas_bakesntreats,Other catering premises,5,2026-03-07,,,Reading
06840,Jayashree,Other catering premises,5,2026-03-23,,,Reading
35100,Jazz Cafe at Madejski Stadium,Restaurant/Cafe/Canteen,5,2026-05-29,Shooters Way,RG2 0FL,Reading
06863,JCS Gourmet Kitchen,Pub/bar/nightclub,5,2026-04-24,69 Westwood Glen,RG31 5NW,Reading
145356,Jessica Food & Wine,Retailers - other,4,2024-11-15,18 Farnham Drive,RG4 6NY,Reading
54207,JFC,Takeaway/sandwich shop,4,2025-03-01,54 Wensley Road,RG1 6DJ,Reading
141926,JieLi Restaurant,Other catering premises,0,2026-05-27,19-23 Kings Street,RG1 2HG,Reading
35110,Jigsaw Creative Care Services,Hospitals/Childcare/Caring Premises,3,2025-03-27,77 Russell Street,RG1 7XG,Reading
32715,JK Stores,Retailers - other,5,2019-05-04,435 Basingstoke Road,RG2 0JF,Reading
138246,Jodie's Cakes,Other catering premises,5,2025-05-10,,,Reading
06822,Joe & The Juice UK,Restaurant/Cafe/Canteen,5,2026-03-25,U02 Bridge Street The Oracle Centre,RG1 2AQ,Reading
13421,John Lewis Partnership Plc,Restaurant/Cafe/Canteen,5,2025-09-22,108-113 Broad Street,RG1 2BB,Reading
139210,Jollibee,Other catering premises,5,2024-11-21,81 Broad Street,RG1 2AP,Reading
06830,Jollof Isle,Takeaway/sandwich shop,AwaitingInspection,,24 Goldsmid Road,RG1 7YB,Reading
06556,Journey to the West,Manufacturers/packers,AwaitingInspection,,15 Boulton Road,RG2 0NF,Reading
145601,Joy's Cafe,Restaurant/Cafe/Canteen,5,2024-11-08,,,Reading
06769,Junior Adventures Group at Battle Primary Academy,School/college/university,5,2026-02-11,Battle Primary Academy Cranbury Road,RG30 2TD,Reading
140721,Junior Adventures Group at Micklands Primary School,School/college/university,5,2026-02-24,Micklands Road,RG4 6LU,Reading
143589,Junior Adventures Group Moorlands Primary,School/college/university,5,2024-07-18,Church End Lane,RG30 4UN,Reading
143587,Junior Adventures Group Parklane Primary,School/college/university,2,2026-06-10,130 School Road,RG31 5BD,Reading
145040,Junior Adventures Group Wilson Primary,School/college/university,5,2026-03-05,Wilson Road,RG30 2RW,Reading
145274,Just Fresh,Retailers - other,1,2024-10-16,16 West Street,RG1 1TT,Reading
06486,Just Momo,Other catering premises,5,2024-11-14,4 Kings Road,RG1 3AA,Reading
33510,K B Superstores,Retailers - other,3,2026-04-23,337-339 Oxford Road,RG30 1AY,Reading
139409,Kamal's Kitchen,Restaurant/Cafe/Canteen,4,2024-10-30,141 Caversham Road,RG1 8AU,Reading
06503,Karak Chaii Reading,Restaurant/Cafe/Canteen,4,2025-03-19,254 Oxford Road,RG30 1AD,Reading
06936,Karem's Kebab,Mobile caterer,AwaitingInspection,,,,Reading
129351,Kashmir Halal Butchers at Exotic Superstore,Retailers - other,1,2025-10-31,730 Oxford Road,RG30 1EH,Reading
143847,Kathmandu Cuisine,Takeaway/sandwich shop,4,2026-02-02,Honey End Lane,RG30 4AA,Reading
143102,Katie's Kakes,Other catering premises,5,2024-02-19,,,Reading
140833,Kat's Kitchen,Other catering premises,5,2025-08-29,,,Reading
138813,Kays Kaykery Bakery,Other catering premises,5,2021-05-25,,,Reading
06582,Kebabist,Mobile caterer,5,2025-05-20,Pitch 1 Meadway Precinct Honey End Lane,,Reading
06553,Keep Me Sweet,Other catering premises,5,2025-04-09,,,Reading
54085,Kennet Corner Store,Retailers - other,5,2017-12-02,101a Cholmeley Road,RG1 3LY,Reading
129917,Kenya Butchers,Retailers - other,1,2026-03-20,20 West Street,RG1 1TT,Reading
2886,KFC,Takeaway/sandwich shop,5,2025-11-21,207 Shinfield Road,RG2 8HA,Reading
33387,KFC,Takeaway/sandwich shop,5,2025-06-08,73-74 Broad Street,RG1 2AF,Reading
133836,KFC at Forbury Retail Park,Takeaway/sandwich shop,4,2026-04-23,Forbury Road,RG1 3JD,Reading
35076,KFC at Reading Gate Retail Park,Takeaway/sandwich shop,5,2025-04-05,,RG2 0QG,Reading
60190,KFC at Reading Retail Park,Takeaway/sandwich shop,5,2025-08-01,Oxford Road,RG30 1PR,Reading
133650,Kingdom Coffee,Distributors/Transporters,5,2025-03-19,1 Bridgewater Close,RG30 1JT,Reading
06506,Kingdom Family,Retailers - supermarkets/hypermarkets,AwaitingInspection,,Unit 55 Milford Road,RG1 8LG,Reading
34618,Kings academy Prospect,School/college/university,5,2022-08-23,Cockney Hill,RG30 4EX,Reading
06977,Kings Chef,Takeaway/sandwich shop,AwaitingInspection,,19 London Road,RG1 5BJ,Reading
06766,Kings Food and Wine,Retailers - other,0,2026-02-27,91-93 Kings Road,RG1 3DD,Reading
142718,Kings Grill,Takeaway/sandwich shop,4,2025-05-15,16 Kings Road,RG1 3AA,Reading
140334,Kings Road News & Off Licence,Retailers - other,4,2024-12-07,83 Kings Road,RG1 3DD,Reading
34348,Kingwood Trust (White Barn),Hospitals/Childcare/Caring Premises,Exempt,,,,Reading
136006,Kobeda Palace,Restaurant/Cafe/Canteen,3,2025-06-17,409 Oxford Road,RG30 1HA,Reading
133201,Kokoro,Takeaway/sandwich shop,3,2025-10-13,29 Queen Victoria Street,RG1 1SY,Reading
06809,"KOOSA Kids Breakfast, After School and Holiday Club at The Heights Primary School, Caversham",School/college/university,5,2026-03-31,129 Upper Woodcote Road Caversham,RG4 7LB,Reading
145285,Krinfio Co. Ltd,Retailers - other,AwaitingInspection,,142-143 Friar Street,RG1 1EX,Reading
140510,Krispy Kreme,Takeaway/sandwich shop,5,2025-07-30,Station Approach,RG1 1LT,Reading
52603,Krispy Kreme Doughnuts at The Oracle,Takeaway/sandwich shop,5,2024-12-10,Bridge Street,RG1 2AG,Reading
141565,Kungfu Kitchen,Restaurant/Cafe/Canteen,3,2025-11-10,62 Christchurch Road,RG2 7AZ,Reading
139214,Kyaneez,Restaurant/Cafe/Canteen,5,2026-04-01,103 Basingstoke Road,RG2 0HA,Reading
06525,L2H Seasonings,Manufacturers/packers,4,2025-03-14,Flat 204 Skylark House Drake Way,RG2 0PA,Reading
06577,La Bella Café,Restaurant/Cafe/Canteen,4,2025-05-07,33 Prospect Street Caversham,RG4 8JB,Reading
70164,La Kordun,Mobile caterer,5,2025-11-12,,,Reading
133991,La Mamaia,Retailers - other,5,2024-08-15,479 Oxford Road,RG30 1HF,Reading
06737,Laddu Box,Restaurant/Cafe/Canteen,3,2026-01-19,19-23 Kings Walk King Street,RG1 2HG,Reading
60952,Lakeside Care Home,Hospitals/Childcare/Caring Premises,5,2026-05-12,25 Whiteknights Road,RG6 7BY,Reading
06990,Lakhe,Retailers - other,AwaitingInspection,,55 St Marys Butts,RG1 2LG,Reading
56172,Las Iguanas at The Oracle,Pub/bar/nightclub,5,2026-04-10,Bridge Street,RG1 2AG,Reading
06627,Laura's Cookies,Other catering premises,5,2025-07-23,Unit 3 Paddock Road Caversham,RG4 5BY,Reading
141912,Lazaro Store Limited,Retailers - other,4,2024-09-01,7 Whitley Street,RG2 0EG,Reading
06959,Leaf and Lustre Mayfair,Retailers - other,AwaitingInspection,,,,Reading
34762,League of Friends Store Maternity Ward at Royal Berkshire Hospital,Takeaway/sandwich shop,5,2019-11-01,London Road,RG1 5AN,Reading
06771,Lebanese Village Reading,Restaurant/Cafe/Canteen,5,2025-09-24,6 Bridge Street Caversham,RG4 8AA,Reading
06948,Leelee & Tay's – Sweet Treats & Trini Eats,Other catering premises,AwaitingInspection,,,,Reading
136144,Lee's Garden,Takeaway/sandwich shop,3,2024-10-03,Honey End Lane,RG30 4AA,Reading
06937,Lekker Wors,Other catering premises,AwaitingInspection,,,,Reading
145593,Li Sun,Other catering premises,4,2024-12-13,,,Reading
50687,Lidl,Retailers - supermarkets/hypermarkets,4,2025-02-13,565-575 Basingstoke Road,RG2 0SJ,Reading
06736,Lidl,Retailers - supermarkets/hypermarkets,5,2026-03-01,Unit 2 & 6 Reading Retail Park Oxford Road,RG30 1PR,Reading
31734,Lidl Great Britain Ltd,Retailers - supermarkets/hypermarkets,5,2024-03-01,289-291 Oxford Road,RG30 1AS,Reading
06901,Life & Space Limited,Mobile caterer,AwaitingInspection,,84 Longships way,RG2 0FZ,Reading
34347,Life Care Corporation,Hospitals/Childcare/Caring Premises,5,2025-10-22,31 Cressingham Road,RG2 7RU,Reading
06867,Lili World,Other catering premises,AwaitingInspection,,,,Reading
145689,Lincoln Coffee House,Restaurant/Cafe/Canteen,5,2026-05-07,10-12 King Street,RG1 2HF,Reading
129765,Lincoln Coffee House,Takeaway/sandwich shop,5,2024-11-08,60 Kings Road,RG1 3AA,Reading
06846,Liquor & Vape Shop,Retailers - other,4,2026-03-17,27 School Road,RG31 5AR,Reading
06638,Little Apron,Restaurant/Cafe/Canteen,5,2025-09-03,6 Crown Colonade London Road,RG1 5BA,Reading
62864,Little Badgers Pre-School,School/college/university,5,2019-10-25,Armour Hill,RG31 6JH,Reading
46801,Little Dragons Nursery,Hospitals/Childcare/Caring Premises,5,2026-03-11,57-59 Bath Road,RG30 2BA,Reading
35027,Little Tots Montessori Nursery,Hospitals/Childcare/Caring Premises,5,2026-01-27,59 Prince Of Wales Avenue,RG30 2UJ,Reading
142771,Lois Afro Shop,Retailers - other,1,2025-09-24,273 Oxford Road,RG1 7PY,Reading
59819,Lola Lo's,Restaurant/Cafe/Canteen,4,2025-04-16,126 Friar Street,RG1 1EP,Reading
55021,Londis,Retailers - other,5,2024-12-17,286 Gosbrook Road,RG4 8EB,Reading
145276,Londis,Retailers - supermarkets/hypermarkets,2,2025-10-28,526-528 Northumberland Avenue,RG2 8NY,Reading
145571,Londis - Leander,Retailers - supermarkets/hypermarkets,5,2025-07-23,182-184 Henley Road,RG4 5DL,Reading
138441,Londis Kennet Island,Retailers - other,4,2025-08-12,Whale Avenue,RG2 0GX,Reading
06802,Londis Reading Rose Kiln,Retailers - other,AwaitingInspection,,Rajan Service Station Rose Kiln Lane,RG2 0HP,Reading
06928,Love Li’s Bakehouse,Takeaway/sandwich shop,AwaitingInspection,,,,Reading
140175,Luca's Shawarma,Other catering premises,5,2024-09-19,,,Reading
138039,Luisella,Other catering premises,5,2026-07-16,,,Reading
06883,LuvMuffin,Mobile caterer,AwaitingInspection,,7 Winton Road,RG2 8HH,Reading
144895,Lyndhurst Arms,Pub/bar/nightclub,4,2026-03-17,88 Queens Road,RG1 4DG,Reading
63770,M & A Convenience Store,Retailers - other,5,2025-08-19,2 Duke Street,RG1 4RU,Reading
137812,M & M Food and Wine,Retailers - other,1,2025-12-10,55-57 Wokingham Road,RG6 1LH,Reading
06919,Mac's Coffee,Restaurant/Cafe/Canteen,AwaitingInspection,,33 Castle Street,RG1 7SB,Reading
06811,Mac's Deli - Reading,Takeaway/sandwich shop,3,2026-03-26,Blue Collar Corner 15 Hosier Street,RG17QL,Reading
130354,Mad Hatters Pottery Painting Cafe,Restaurant/Cafe/Canteen,5,2025-02-12,114-116 School Road,RG31 5AX,Reading
145259,Madni Halal Meat Reading,Retailers - other,4,2024-07-07,232 Shinfield Road,RG2 8EX,Reading
138005,Madoo,Restaurant/Cafe/Canteen,4,2026-01-13,10-12 Duke Street,RG1 4RU,Reading
138440,Madras Flavours,Restaurant/Cafe/Canteen,5,2024-06-27,11-13 Kings Road,RG1 3AR,Reading
06680,Mai Sushi,Retailers - other,5,2025-11-26,Marks & Spencers 12 Broad Street,RG1 2BH,Reading
138491,Maiden Erlegh Trust at Hamilton School,School/college/university,5,2024-11-28,135 Bulmershe Road,RG1 5SG,Reading
06763,Maiden Erleigh School Reading,School/college/university,4,2026-03-17,81 Crescent Road,RG1 5SL,Reading
06931,Maison Umi Bakery,Other catering premises,AwaitingInspection,,,,Reading
755,Majestic Wine,Retailers - other,Exempt,,Caversham Road,RG1 8AL,Reading
138477,Makan Malaysia UK LLP,Takeaway/sandwich shop,5,2025-05-20,Milford Road,RG1 8LG,Reading
135533,Malik Brothers Halal Meat at Best Foods,Retailers - other,4,2026-05-12,129-131 Oxford Road,RG1 7UU,Reading
141277,Malinka Cash & Carry,Distributors/Transporters,4,2025-01-06,Unit 2 Little Johns Lane,RG30 1RA,Reading
06551,Mallu Nest,Takeaway/sandwich shop,1,2025-06-13,124 London Road,RG1 5AY,Reading
49497,Malmaison Hotel,Hotel/bed & breakfast/guest house,5,2024-10-25,18-20 Station Road,RG1 1JX,Reading
06571,Mal'va,Restaurant/Cafe/Canteen,5,2025-05-14,21 Sidmouth Street,RG1 4QZ,Reading
142825,Mama Daniela Pizzeria,Restaurant/Cafe/Canteen,AwaitingInspection,,521 Oxford Road,RG30 1HF,Reading
130522,Mamafrika Tropic Food,Retailers - other,4,2026-03-19,385 Oxford Road,RG30 1HA,Reading
138641,Mama's Way,Restaurant/Cafe/Canteen,5,2025-10-15,10-12 Duke Street,RG1 4RU,Reading
06539,Mandy’s Food & Wine,Retailers - other,4,2026-03-19,Unit 22 Meadway Shopping Centre Meadway Precinct Honey End Lane,RG30 4AA,Reading
145461,Mangiare,Takeaway/sandwich shop,5,2026-05-09,6 Kings Road,RG4 8DT,Reading
133920,Manzano's Peri Peri,Restaurant/Cafe/Canteen,4,2025-10-16,41 Oxford Road,RG1 7QG,Reading
129082,MAP Food and Wine,Retailers - other,4,2025-09-19,255 London Road,RG1 3NY,Reading
06631,Margaret James - Magz Kidz,Other catering premises,5,2025-08-28,,,Reading
135307,Market House,Hotel/bed & breakfast/guest house,5,2025-11-07,1-2 Market Place,RG1 2EQ,Reading
13425,Marks & Spencer,Retailers - supermarkets/hypermarkets,5,2025-07-24,12 Broad Street,RG1 2BH,Reading
58996,Marks & Spencer Simply Foods Level 2 Main Ent Royal Berkshire Hospital,Retailers - other,5,2024-10-30,London Road,RG1 5AN,Reading
2975,Marmaris Kebabs,Mobile caterer,4,2026-03-25,169 Caversham Road,RG1 8BB,Reading
141045,Marugame,Restaurant/Cafe/Canteen,5,2025-05-03,Unit R2 The Riverside The Oracle,RG1 2AG,Reading
35325,Mary Seacole Day Nursery at MAPP Centre,Hospitals/Childcare/Caring Premises,5,2025-06-11,22-24 Mount Pleasant,RG1 2TD,Reading
1209,Mary Stores,Retailers - other,5,2025-02-25,27 St Georges Terrace,RG30 2QN,Reading
143916,Masakali,Other catering premises,4,2025-07-14,93-97 Caversham Road,RG1 8AN,Reading
06963,Masala Magik,Takeaway/sandwich shop,AwaitingInspection,,375 Oxford Road,RG30 1HA,Reading
32426,Master Fryer at Milestone Way Precinct,Takeaway/sandwich shop,5,2025-06-25,7a Cavendish Road,RG4 8XU,Reading
06957,Matchasty London,Retailers - other,AwaitingInspection,,260-262 Kentwood Hill,RG31 6DR,Reading
141658,Maurice's Ice Cream,Restaurant/Cafe/Canteen,5,2024-09-03,The Forbury,,Reading
48530,Mavis Food and Wine at Reading Rail Station Concourse,Retailers - other,5,2017-09-26,Station Approach,RG1 1LT,Reading
129342,MaysBakes,Other catering premises,5,2026-01-09,,,Reading
140612,McCafferty's,Pub/bar/nightclub,4,2025-08-11,13-14 Friar Street,RG1 1DB,Reading
32563,McDonalds,Restaurant/Cafe/Canteen,5,2025-05-15,287 Oxford Road,RG30 1AS,Reading
2905,McDonalds (Franchise),Restaurant/Cafe/Canteen,5,2025-07-30,128-129 Friar Street,RG1 1EP,Reading
32852,McDonalds at Forbury Retail Park,Restaurant/Cafe/Canteen,5,2025-09-26,Kenavon Drive,RG1 3HS,Reading
33018,McDonalds at Reading Gate Retail Park,Restaurant/Cafe/Canteen,5,2025-08-04,,RG2 0QG,Reading
32817,McDonalds at The Oracle,Restaurant/Cafe/Canteen,5,2024-07-19,Bridge Street,RG1 2AG,Reading
140955,McRosy's Kitchen,Other catering premises,5,2025-11-12,,,Reading
06748,Me Kong,Restaurant/Cafe/Canteen,5,2026-02-03,St Lawrence House Abbey Square,RG1 3AG,Reading
136680,Meadway News,Retailers - other,5,2025-04-04,151 The Meadway,RG30 4AP,Reading
06828,Meat Wala,Retailers - other,3,2026-03-03,61 St Mary's Butts,RG1 2LG,Reading
140275,Meat Wala,Retailers - other,4,2025-04-14,Unit 19-20 Meadway Shopping Centre,RG30 4AA,Reading
131809,Memory of Sichuan,Restaurant/Cafe/Canteen,4,2026-04-07,109 Friar Street,RG1 1EP,Reading
06723,Mena's Kitchen,Other catering premises,5,2025-12-18,,,Reading
06988,Mendes Catering,Mobile caterer,AwaitingInspection,,35 Donnington Gardens,RG1 5LY,Reading
06674,Menkind Ltd,Retailers - other,Exempt,,L17 The Lower Mall The Oracle Bridge Street,RG1 2AQ,Reading
143038,Merkur Slots,Other catering premises,5,2024-07-17,104 - 105 Friar Street,RG1 1EP,Reading
137930,Meski's Ethiopian,Mobile caterer,5,2025-05-23,,,Reading
32523,Mezzo La Strada Mobile Van,Mobile caterer,5,2019-06-24,Broad Street,,Reading
9136,MFG Shinfield Service Station,Retailers - other,5,2024-09-14,211 Shinfield Road,RG2 8HA,Reading
54321,Micklands Pre-School,Hospitals/Childcare/Caring Premises,5,2026-03-20,Micklands Road,RG4 6LU,Reading
08 June 2026,Milanoz King Pizza,Takeaway/sandwich shop,3,2026-06-08,136 Wokingham Road,RG6 1JL,Reading
62739,Milk Bar Reading,Pub/bar/nightclub,5,2025-03-19,8 Merchants Place,RG1 1DT,Reading
62131,Miller & Carter at The Oracle,Restaurant/Cafe/Canteen,5,2026-03-18,Bridge Street,RG1 2AG,Reading
31319,Miller & Carter Caversham,Pub/bar/nightclub,5,2025-10-16,109 Kidmore Road,RG4 7NH,Reading
33026,Millie's Cookies The Oracle,Retailers - other,4,2025-10-23,Bridge Street,RG1 2AH,Reading
06956,Mini Market,Retailers - other,AwaitingInspection,,29 Whitley Street,RG2 0EG,Reading
06992,Mini Mo’z Kebabs,Takeaway/sandwich shop,AwaitingInspection,,27 Prospect Street Caversham,RG4 8JB,Reading
141495,Miniso,Retailers - other,Exempt,,11 Broad Street,RG1 2BH,Reading
06985,Miquill,Other catering premises,AwaitingInspection,,New Town Primary School School Terrace,RG1 3LS,Reading
06806,Miss Sheilas,Other catering premises,AwaitingInspection,,,,Reading
104732,Miyoung Kimchi,Other catering premises,4,2025-11-06,,,Reading
06685,MJ Butequim,Other catering premises,4,2025-10-29,1a Buckland Road,RG2 7SP,Reading
135544,MK Food & Wine,Retailers - other,3,2026-05-03,598-602 Oxford Road,RG30 1EG,Reading
134256,Mleczko Delikatesy,Retailers - other,5,2025-01-29,30 West Street,RG1 1TZ,Reading
137589,MNKY Lounge,Pub/bar/nightclub,4,2025-11-14,30 Erleigh Road,RG1 5NA,Reading
138688,Mo Mo 2 Go,Other catering premises,5,2024-08-24,172 Oxford Road,RG1 7PL,Reading
144725,Momo Bros,Other catering premises,5,2026-05-12,101 Northumberland Avenue,RG2 7PT,Reading
06807,Momo Cha,Other catering premises,5,2026-03-31,,,Reading
143198,Momo House,Other catering premises,5,2025-02-27,28 Farnham Drive,RG4 6NY,Reading
06676,Momo Nepal,Restaurant/Cafe/Canteen,4,2026-02-10,13 West Street,RG1 1TT,Reading
145269,Mon Cheri,Restaurant/Cafe/Canteen,5,2024-12-14,18 West Street,RG1 1TT,Reading
06574,Monkeymoos Highdown,Other catering premises,3,2025-08-13,The Pavillion Surley Row,RG4 8LP,Reading
06575,MonkeyMoos Huntley Wharf,Other catering premises,3,2025-06-27,Huntley Wharf 2 Kenavon Drive,RG1 3DH,Reading
141256,Monkey's Cafe,Restaurant/Cafe/Canteen,3,2025-12-11,9 Greyfriars Road,RG1 1NU,Reading
136322,Monty's Café,Restaurant/Cafe/Canteen,5,2026-05-07,41 Addington Road,RG1 5PZ,Reading
134901,Mooboo Bubble Tea,Takeaway/sandwich shop,5,2025-10-23,39-41 Oxford Road,RG1 7QG,Reading
06969,Moogles,Mobile caterer,AwaitingInspection,,67 Chichester Road,RG30 4XJ,Reading
17180,Moorlands Rest Home,Hospitals/Childcare/Caring Premises,5,2025-08-07,987 Oxford Road,RG31 6TN,Reading
21998,Morrisons,Retailers - supermarkets/hypermarkets,5,2025-07-06,Basingstoke Road,RG2 0HB,Reading
3393,Morrisons Daily,Retailers - other,4,2024-09-30,24 Coronation Square,RG30 3QN,Reading
10287,Morrisons Daily,Retailers - other,4,2025-07-23,56-58 Wensley Road,RG1 6DJ,Reading
130610,Morrisons Daily,Retailers - other,5,2024-10-19,Milestone Way,RG4 8XW,Reading
145098,Morrisons Petrol,Retailers - other,5,2024-07-27,Basingstoke Road,RG2 0HB,Reading
06912,Mo's Kebab,Mobile caterer,AwaitingInspection,,20-22 Richfield Avenue,RG1 8EQ,Reading
137809,Mosaic's Peri Peri,Takeaway/sandwich shop,2,2026-03-18,51 Wokingham Road,RG6 1LH,Reading
135138,Mr Cod,Takeaway/sandwich shop,5,2025-09-17,155-161 Caversham Road,RG1 8BB,Reading
135461,Mr Cod,Takeaway/sandwich shop,1,2026-05-13,176 Oxford Road,RG1 7PL,Reading
2887,Mr Cod,Takeaway/sandwich shop,5,2026-05-19,211 London Road,RG1 3NU,Reading
141407,Mr Cod,Takeaway/sandwich shop,5,2026-07-21,225 Shinfield Road,RG2 8HD,Reading
31902,Mr Cod,Takeaway/sandwich shop,2,2025-12-15,543 Oxford Road,RG30 1HJ,Reading
33024,Mr Cod,Takeaway/sandwich shop,5,2025-01-07,65 Whitley Street,RG2 0EG,Reading
141389,Mr Flame Peri Peri,Takeaway/sandwich shop,4,2026-02-17,439 Basingstoke Road,RG2 0JF,Reading
06754,Mr Hafiz,Other catering premises,AwaitingInspection,,,,Reading
138101,Mr Simms,Retailers - other,3,2026-04-09,68 Broad Street,RG1 2AF,Reading
06781,Mr T's Reading,Restaurant/Cafe/Canteen,AwaitingInspection,,43-45 Oxford Road,RG1 7QE,Reading
41044,Mr Yucel Timur Mobile Van - DU14 PJJ,Mobile caterer,5,2026-02-11,The Triangle,,Reading
06865,Mrs D's MarvellousCakes,Other catering premises,AwaitingInspection,,,,Reading
06650,Mrs Peri Peri Kitchen,Takeaway/sandwich shop,5,2025-10-01,549 Oxford Road,RG30 1HJ,Reading
06760,M's Smokehouse,Restaurant/Cafe/Canteen,4,2026-02-16,93 Basingstoke Road,RG2 0HA,Reading
69006,Ms Susan Jane Hubbard,Other catering premises,5,2019-02-12,161 Kidmore Road,RG4 7NJ,Reading
06745,Muffin Break Reading,Restaurant/Cafe/Canteen,4,2026-02-09,Broad Street Mall 213-217 Broad Street,RG1 7QH,Reading
17108,Mulberry Care Home,Hospitals/Childcare/Caring Premises,5,2026-02-18,155a Wokingham Road,RG6 1LP,Reading
145051,Munch,Other catering premises,AwaitingInspection,,,,Reading
2653,Munchees,Restaurant/Cafe/Canteen,4,2024-12-21,2-3 Butter Market,RG1 2DP,Reading
137362,Munchiies,Restaurant/Cafe/Canteen,5,2021-06-19,65 Wokingham Road,RG6 1LH,Reading
56910,Museum of English Rural Life,Other catering premises,5,2026-01-09,6 Redlands Road,RG1 5EX,Reading
06984,Mustang kitchen,Takeaway/sandwich shop,AwaitingInspection,,18 Lincoln Road,RG2 0EX,Reading
145249,My Cup Of HK Tea,Takeaway/sandwich shop,4,2024-09-12,77-79 Kings Road,RG1 3DD,Reading
06855,My Fruit Marketplace,Retailers - other,4,2026-04-08,Blue Collar Corner 15 Hosier Street,RG1 7QL,Reading
06788,Mywok Chowout,Takeaway/sandwich shop,4,2026-03-04,89 Friar Street,RG1 1EL,Reading
133243,N Family Club,Hospitals/Childcare/Caring Premises,5,2025-11-20,3-5 Craven Road,RG1 5LF,Reading
39211,N K Food and Wine,Retailers - other,5,2025-01-06,Hardwick Road,RG30 4LP,Reading
06651,Naa's Kitchen,Retailers - other,3,2025-10-02,,,Reading
06935,Naaz Foods,Takeaway/sandwich shop,AwaitingInspection,,113 Kingsbridge Road,RG2 7RG,Reading
06884,Naijbasket,Other catering premises,AwaitingInspection,,,,Reading
06784,Namak Mirch,Takeaway/sandwich shop,3,2026-03-11,251 London Road,RG1 3NY,Reading
133859,Namaste Kitchen at Hook & Tackle,Pub/bar/nightclub,3,2025-09-11,Katesgrove Lane,RG1 2ND,Reading
49990,Nando's,Restaurant/Cafe/Canteen,5,2026-03-11,30-31 Friar Street,RG1 1AH,Reading
136360,Nando's,Restaurant/Cafe/Canteen,5,2026-04-21,Unit B,RG2 0GG,Reading
32819,Nando's Chickenland at The Oracle,Restaurant/Cafe/Canteen,4,2026-01-21,Bridge Street,RG1 2AG,Reading
06868,Nashtaydaan,Other catering premises,5,2026-06-11,,,Reading
144277,Nathan's Nibbles,Restaurant/Cafe/Canteen,5,2026-01-22,4 Prospect Street,RG4 8JG,Reading
63448,Natural Steps After School Club at the Globe,Hospitals/Childcare/Caring Premises,5,2025-08-12,12 Portman Road,RG30 1EA,Reading
17181,Navara Lodge Residential Rest Home,Hospitals/Childcare/Caring Premises,5,2025-06-05,1009 Oxford Road,RG31 6TL,Reading
06927,Nav's Kitchen,Other catering premises,AwaitingInspection,,,,Reading
06750,Neferititi Market,Retailers - supermarkets/hypermarkets,3,2026-02-03,61 St Marys Butts,RG1 2LG,Reading
06839,Neko Kitchen,Restaurant/Cafe/Canteen,4,2026-04-09,19-23 Kings Walk  King Street,RG1 2HG,Reading
112113,New Beginnings Reading at Queens Arms,Restaurant/Cafe/Canteen,5,2025-06-26,24 Great Knollys Street,RG1 7HL,Reading
49711,New Bridge Nursery School,Other catering premises,5,2026-01-28,Montague Street Caversham,RG4 5AU,Reading
140740,New City Fish Bar,Takeaway/sandwich shop,4,2025-02-25,52 Buckland Road,RG2 7SW,Reading
64414,New Directions,Other catering premises,5,2026-05-05,330 Northumberland Avenue,RG2 8DH,Reading
145561,New Directions at Cedar Court,Restaurant/Cafe/Canteen,5,2025-03-07,30 Whitley Rise,RG2 0NS,Reading
51567,New Happy Garden,Takeaway/sandwich shop,1,2026-03-12,81 Wokingham Road,RG6 1LH,Reading
32821,New Look at The Oracle,Retailers - other,Exempt,,Bridge Street,RG1 2AH,Reading
06594,New Town Primary School Breakfast Club,Other catering premises,5,2025-07-03,School Terrace,RG1 3LS,Reading
136421,Newsmasters,Retailers - other,4,2026-01-30,112 Northumberland Avenue,RG2 7PP,Reading
144200,Next Thing Education Camps,Other catering premises,5,2024-04-04,110 Ashampstead Road,RG30 3LJ,Reading
141642,Next Thing Education Camps,Other catering premises,4,2026-03-31,St Michaels Primary School Dee Road,RG30 4AS,Reading
139492,Nibsy's,Other catering premises,5,2026-05-11,,,Reading
06801,Nibsy's,Mobile caterer,5,2025-10-28,Reading Station North Pitch 1 Trooper Potts Way,,Reading
06734,Nicola Page Slimming World Consultant,Retailers - other,5,2026-01-21,,,Reading
450,Niki Convenience Store,Retailers - other,0,2025-10-16,177-179 Whitley Wood Lane,RG2 8PW,Reading
145331,NineSix,Distributors/Transporters,4,2024-10-17,20-22 Richfield Avenue,RG1 8EQ,Reading
06874,Nirai,Restaurant/Cafe/Canteen,5,2026-05-19,64 St Marys Butts,RG1 2LG,Reading
134607,Nisa,Retailers - supermarkets/hypermarkets,3,2025-05-17,163-165 Caversham Road,RG1 8BB,Reading
06973,Nisa Local,Retailers - supermarkets/hypermarkets,AwaitingInspection,,89-91 Basingstoke Road,RG2 0HA,Reading
133204,Nisbets PLC,Retailers - other,Exempt,,62 Friar Street,RG1 1DX,Reading
129014,Nisha Food & Wine,Retailers - other,5,2025-07-12,106 Queens Road,RG1 4DG,Reading
140188,Niyis Ltd,Retailers - other,3,2026-05-22,Sentinel End,RG2 0BF,Reading
32909,No 1 Convenience Store,Retailers - other,3,2024-10-19,1 Elgar Road,RG2 0BH,Reading
136794,Noon Sweet and Savouries,Takeaway/sandwich shop,4,2025-10-01,429 Oxford Road,RG30 1HD,Reading
130671,Norcot Food & Wine,Retailers - other,3,2025-11-05,22 Norcot Road,RG30 6BU,Reading
140488,Norcot Food Pantry,Restaurant/Cafe/Canteen,5,2025-08-01,Brockley Close,RG30 4YP,Reading
142205,Norcot Service Station,Retailers - other,5,2023-06-22,856 Oxford Road,RG30 1EL,Reading
34893,Northcourt Lodge Nursing Home,Hospitals/Childcare/Caring Premises,5,2025-04-24,65 Northcourt Avenue,RG2 7HF,Reading
3381,Northcourt News,Retailers - other,5,2025-04-24,159 Northcourt Avenue,RG2 7HG,Reading
34896,Northumberland Day Nursery,Hospitals/Childcare/Caring Premises,5,2025-06-06,14 Northumberland Avenue,RG2 7PW,Reading
137987,Northumberland Food & Wine,Retailers - other,4,2026-05-06,467 Northumberland Avenue,RG2 8LZ,Reading
06654,Nosh @,Takeaway/sandwich shop,2,2025-05-19,48a Buckland Road,RG2 7SW,Reading
06686,Notes Coffee,Restaurant/Cafe/Canteen,5,2025-09-25,3 Station Hill Square,RG1 1LN,Reading
50520,Novotel,Hotel/bed & breakfast/guest house,5,2025-05-13,25b Friar Street,RG1 1DP,Reading
144161,NSSport MJ at Churchend School,School/college/university,5,2024-06-12,Usk Road,RG30 4HP,Reading
143774,NSSport MJ at St Michaels Primary School,School/college/university,5,2026-01-28,Dee Road,RG30 4AS,Reading
145225,Nutriseed,Manufacturers/packers,5,2026-02-20,119 Loverock Road,RG30 1DZ,Reading
33186,Oakford Social Club,Pub/bar/nightclub,5,2025-08-06,53 Blagrave Street,RG1 1PZ,Reading
33492,Oakhouse Foods Thames Valley,Retailers - other,4,2025-01-21,5 Arkwright Road,RG2 0LU,Reading
06499,O'Anna's,Restaurant/Cafe/Canteen,3,2026-04-15,Flat 1 1A London Road,RG1 5BJ,Reading
06903,Obaaku's Kitchen,Other catering premises,AwaitingInspection,,,,Reading
145587,OCS at Beechwood Grove,Hospitals/Childcare/Caring Premises,5,2026-05-27,Albert Road,RG4 7AN,Reading
137003,OCS Food Co at Thames Water,Restaurant/Cafe/Canteen,5,2025-04-24,Vastern Road,RG1 8DB,Reading
144726,OCS Food Company @ Tesco Reading,Restaurant/Cafe/Canteen,5,2024-05-24,Imperial Way,RG2 0RS,Reading
145015,OCS Food Company @ Thames Water,Restaurant/Cafe/Canteen,5,2024-05-24,550 South Oak Way,RG2 6AD,Reading
06832,Octobonbon,Other catering premises,5,2026-03-30,,,Reading
06933,Office Point,Distributors/Transporters,AwaitingInspection,,Unit 5-6 Caxton Close Loverock Road Trading Estate,RG30 1DZ,Reading
142675,Ohayo Sushi & Wok,Takeaway/sandwich shop,5,2026-01-14,936 Oxford Road,RG30 6TJ,Reading
06487,Oishi,Takeaway/sandwich shop,4,2026-03-25,314 Oxford Roas,RG30 1AD,Reading
127808,Olive Catering at Hibu Staff Canteen,Restaurant/Cafe/Canteen,5,2025-09-03,23 Forbury Road,RG1 3JH,Reading
06960,Oliver’s Pure Oil,Retailers - other,AwaitingInspection,,Flat 10 154 Coley Avenue,RG1 6FL,Reading
139536,One Beyond,Retailers - supermarkets/hypermarkets,4,2025-11-28,Unit 1 Vastern Court Caversham Road,RG1 8AL,Reading
06833,One School Global,School/college/university,AwaitingInspection,,The Quad 14 Arkwright Road,RG2 0LU,Reading
143285,One Stop Shop,Retailers - other,3,2025-09-19,83 Northumberland Avenue,RG2 7PT,Reading
32981,O'Neills,Pub/bar/nightclub,5,2025-04-03,4 Friar Street,RG1 1DB,Reading
34890,OPAC (Older Peoples Activities in Caversham),Restaurant/Cafe/Canteen,5,2025-08-21,Northbrook Road,RG4 6PF,Reading
144576,Ori Caffe at John Lewis,Restaurant/Cafe/Canteen,5,2025-09-22,108-113 Broad Street,RG1 2BB,Reading
2838,Oriental Express,Takeaway/sandwich shop,3,2026-02-05,20 Farnham Drive,RG4 6NY,Reading
144721,Oriental Gourmet Chinese,Takeaway/sandwich shop,4,2025-06-17,15 School Road,RG31 5AR,Reading
137055,Osaka at the Oracle,Restaurant/Cafe/Canteen,5,2024-10-07,Bridge Street,RG1 2AG,Reading
06847,Our Coop Little Pioneers,Other catering premises,AwaitingInspection,,The Hospitium Valp Street,RG1 1AR,Reading
133262,Overbridge WHSmiths at Reading Rail Station,Retailers - other,Exempt,,Station Approach,,Reading
06660,Oxford Road Community School After School Club,Other catering premises,5,2025-09-18,146 Oxford Road,RG1 7PJ,Reading
34948,Oxford Road Primary School,School/college/university,5,2023-10-06,146 Oxford Road,RG1 7PJ,Reading
9133,Oxford Road Service Station,Retailers - other,5,2025-01-06,150 Oxford Road,RG1 7PJ,Reading
138684,Oxford Road Store,Retailers - other,5,2021-10-02,512 Oxford Road,RG30 1EG,Reading
132962,Oxford Sweet Shop,Retailers - other,Exempt,,462 Oxford Road,RG30 1EE,Reading
06497,Oxygen ActivePlay Reading,Restaurant/Cafe/Canteen,5,2024-11-14,8 Bridgewater Close,RG30 1JT,Reading
06942,OYE Paitu’s Kitchen,Takeaway/sandwich shop,AwaitingInspection,,308 Oxford Road,RG30 1AD,Reading
142728,P&K Cake Creations,Other catering premises,5,2023-07-12,,,Reading
06587,PadelHub,Retailers - other,5,2025-09-09,4b Kenavon Drive,RG1 3HS,Reading
06698,"Paesinos Italian Pizzeria, Roast and Roots, Tokyo Burger",Restaurant/Cafe/Canteen,5,2025-03-19,Unit 4 2 Kings Road,RG1 3AA,Reading
06584,Palace Village Pizza & Peri Peri,Takeaway/sandwich shop,3,2026-06-19,254 Kentwood Hill Tilehurst,RG31 6DP,Reading
132301,Palmer Tavern,Pub/bar/nightclub,5,2024-08-09,128 Wokingham Road,RG6 1JL,Reading
06946,Palmora Kitchen,Other catering premises,AwaitingInspection,,,,Reading
64788,Pan's Pickles,Other catering premises,5,2025-01-19,,,Reading
133800,Papa Gee,Restaurant/Cafe/Canteen,4,2024-10-29,5 Prospect Street,RG4 8JB,Reading
50044,Papa Johns,Takeaway/sandwich shop,5,2025-08-05,223 Shinfield Road,RG2 8HD,Reading
59340,Papa Johns,Takeaway/sandwich shop,5,2025-02-04,Moulsford Mews,RG30 1AP,Reading
141669,Paprika Indian Takeaway,Takeaway/sandwich shop,4,2024-10-22,167 Caversham Road,RG1 8BB,Reading
34322,Park Day Nursery,Hospitals/Childcare/Caring Premises,4,2025-11-25,8 College Road,RG6 1QB,Reading
58623,Park Eat at University of Reading,Restaurant/Cafe/Canteen,5,2026-07-07,Upper Redlands Road,RG1 5JL,Reading
14889,Park Lane Off Licence,Retailers - other,2,2026-06-22,154 Park Lane,RG31 4DU,Reading
48978,Parkside House,Hospitals/Childcare/Caring Premises,5,2025-07-14,Parkside Road,RG30 2DB,Reading
13337,Parkside International Hotel,Hotel/bed & breakfast/guest house,2,2025-12-17,72 Bath Road,RG30 2BE,Reading
141482,Parthian Climbing,Restaurant/Cafe/Canteen,5,2024-10-19,Britten Road,RG2 0AU,Reading
141668,Pasibrzueszek Polish Cousin Restaurant,Restaurant/Cafe/Canteen,5,2023-02-24,49 Hemdean Road,RG4 7SS,Reading
142224,Pasta Evangelists,Takeaway/sandwich shop,5,2025-05-20,Milford Road,RG1 8LG,Reading
136791,Pasty Shop at Reading Train station,Takeaway/sandwich shop,5,2025-04-03,Station Approach,RG1 1LZ,Reading
06917,Pathaans,Restaurant/Cafe/Canteen,AwaitingInspection,,2 Bridge Street Caversham,RG4 8AA,Reading
46662,Pau Brasil,Retailers - other,3,2025-10-22,89-91 Mount Pleasant,RG1 2TF,Reading
143228,Paul Patisserie,Restaurant/Cafe/Canteen,5,2025-10-15,70-72 Broad Street,RG1 2AF,Reading
06560,Pavillion Pantry,Other catering premises,5,2025-05-07,143-145 Oxford Road,RG1 7UY,Reading
134192,Paya/Korean Krispy,Takeaway/sandwich shop,1,2026-06-17,84 London Street,RG1 4SJ,Reading
06808,Payaarose Cookies & More,Other catering premises,AwaitingInspection,,,,Reading
33562,Pembroke Lodge,Hospitals/Childcare/Caring Premises,4,2026-04-28,32 Alexandra Road,RG1 5PF,Reading
55088,Penta Hotel Reading,Hotel/bed & breakfast/guest house,5,2025-10-29,Oxford Road,RG1 7RH,Reading
136913,Pepe's Piri Piri,Takeaway/sandwich shop,4,2025-05-24,109b Oxford Road,RG1 7UD,Reading
142195,Perfect Fried Chicken,Takeaway/sandwich shop,3,2025-05-27,158 Oxford Road,RG1 7PJ,Reading
129247,Peri Peri Chicken Hut,Takeaway/sandwich shop,5,2025-03-17,37 Whitley Street,RG2 0EG,Reading
06515,Perk Café,Restaurant/Cafe/Canteen,5,2026-06-23,100 Brook Drive,RG2 6UJ,Reading
49763,Perry's Carribbean Food,Restaurant/Cafe/Canteen,3,2026-04-14,7 High Street,RG1 2EA,Reading
135990,Phantom Brewing Co,Pub/bar/nightclub,5,2020-02-28,Meadow Road,RG1 8LB,Reading
06600,Pho 86,Restaurant/Cafe/Canteen,2,2026-06-03,35-37 St Marys Butts,RG1 2LS,Reading
133346,Pho at Kings Walk,Restaurant/Cafe/Canteen,5,2026-06-12,King Street,RG1 2HG,Reading
52500,Picnic Foods,Restaurant/Cafe/Canteen,5,2025-09-18,5 Butter Market,RG1 2DP,Reading
137315,Pielicious,Distributors/Transporters,5,2025-07-16,,,Reading
46974,Pierre's Baguettes,Takeaway/sandwich shop,5,2025-07-01,16-17 Harris Arcade,RG1 1DN,Reading
142197,Pierre's Baguettes,Takeaway/sandwich shop,5,2025-02-17,58a St Marys Butts,RG1 2LG,Reading
34350,Pine Croft 1 Monks Barn,Hospitals/Childcare/Caring Premises,5,2019-08-19,Cressingham Road,,Reading
22210,Pine Rivers Day Nursery,Hospitals/Childcare/Caring Premises,5,2025-08-27,5 Western Elms Avenue,RG30 2AL,Reading
59495,Piwnica Pub,Pub/bar/nightclub,5,2025-05-19,81 London Road,RG1 5BY,Reading
145453,Pizza 2 Night,Takeaway/sandwich shop,5,2025-01-06,155-157 Southampton Street,RG1 2QZ,Reading
06765,Pizza 2 Night,Takeaway/sandwich shop,AwaitingInspection,,155-157 Southampton Street,RG1 2QZ,Reading
143618,Pizza Cottage Reading,Takeaway/sandwich shop,4,2025-04-23,383 Oxford Road,RG30 1HA,Reading
51616,Pizza Express at The Oracle,Restaurant/Cafe/Canteen,5,2025-07-25,Bridge Street,RG1 2AG,Reading
33470,Pizza Go Go,Takeaway/sandwich shop,4,2025-04-05,49 Basingstoke Road,RG2 0ER,Reading
06857,Pizza House,Takeaway/sandwich shop,1,2026-04-17,80 Oxford Road,RG1 7LJ,Reading
141360,Pizza Hut,Takeaway/sandwich shop,5,2024-08-20,231a Shinfield Road,RG2 8HD,Reading
143971,Pizza Hut,Takeaway/sandwich shop,5,2026-04-18,529 Oxford Road,RG30 1HJ,Reading
06732,Pizza Press,Mobile caterer,5,2026-01-28,370 Tilehurst Road,RG30 2NG,Reading
39342,Pizza Presto,Takeaway/sandwich shop,5,2025-01-07,53 Whitley Street,RG2 0EG,Reading
06947,Platter (by Benugo at John Lewis),Takeaway/sandwich shop,AwaitingInspection,,108-113 Broad Street,RG1 2BB,Reading
137325,Playday,Hospitals/Childcare/Caring Premises,5,2026-01-29,100 Hemdean Road,RG4 7SD,Reading
137337,Playlist Live / Live Investments,Pub/bar/nightclub,4,2026-02-06,108 Friar Street,RG1 1EP,Reading
129947,Playtime at The Oracle,Mobile caterer,5,2024-04-21,Bridge Street,RG1 2AG,Reading
135570,PMK Supermarket,Retailers - other,3,2024-06-09,536-540 Northumberland Avenue,RG2 8NY,Reading
06494,Polski Sklep Smaczek Reading Ltd,Retailers - other,5,2025-01-29,23-25 Oxford Road,RG1 7QG,Reading
140923,Popeyes,Restaurant/Cafe/Canteen,5,2025-01-26,107 Broad Street,RG1 2AX,Reading
06623,Popeyes Louisiana Chicken,Restaurant/Cafe/Canteen,4,2025-08-26,Unit 3a Proctor End North,RG2 0GG,Reading
33561,Popworld/ Sub 89,Pub/bar/nightclub,5,2025-08-26,110-117 Friar Street,RG1 1EP,Reading
131816,Poundland at Broad Street Mall,Retailers - other,5,2025-10-23,Broad Street,,Reading
62166,Premier,Retailers - other,5,2025-08-28,11 St Marys Butts,RG1 2LN,Reading
1259,Premier,Retailers - other,3,2025-04-22,26 Coronation Square,RG30 3QN,Reading
1277,Premier,Retailers - other,5,2025-08-28,72 Christchurch Road,RG2 7AZ,Reading
1278,Premier Addington Local,Retailers - other,5,2025-02-11,80 Addington Road,RG1 5PX,Reading
31514,Premier Berkeley Stores,Retailers - other,1,2026-05-12,39a Berkeley Avenue,RG1 6JS,Reading
140810,Premier Education Holiday Camp @ New Christ Church Primary School,Other catering premises,4,2025-05-07,Milman Road,RG2 0AY,Reading
56258,Premier Inn,Hotel/bed & breakfast/guest house,5,2024-12-28,Richfield Avenue,RG1 8BQ,Reading
50503,Premier Inn Reading Central,Hotel/bed & breakfast/guest house,5,2025-06-06,Letcombe Street,RG1 2HN,Reading
134202,Premier Park Lane,Retailers - other,5,2026-01-13,4 Park Lane,RG31 5DL,Reading
3378,"Premier Stores ""Earley Express""",Retailers - other,4,2026-06-29,125 Wokingham Road,RG6 1LH,Reading
141646,Pret  A Manger,Restaurant/Cafe/Canteen,5,2024-09-19,211 Shinfield Road,RG2 8HA,Reading
133349,Pret a Manger at Thames Tower,Restaurant/Cafe/Canteen,5,2025-12-04,37-45 Station Road,RG1 1LX,Reading
33032,Pret a Manger at The Oracle,Restaurant/Cafe/Canteen,5,2024-08-19,Bridge Street,RG1 2AQ,Reading
41013,Prezzo,Restaurant/Cafe/Canteen,5,2024-06-28,10-12 King Street,RG1 2HF,Reading
06932,Prime Seven Mart,Retailers - other,AwaitingInspection,,10-12 Oxford Road,RG1 7LA,Reading
34617,Prospect Bowling Club,Pub/bar/nightclub,5,2024-04-18,Honey End Lane,,Reading
70967,Providence Chapel,Other catering premises,5,2025-05-24,103 Oxford Road,RG1 7UD,Reading
06970,Pudd n Parcel,Other catering premises,AwaitingInspection,,24 Peppard Road Emmer Green,RG4 8NG,Reading
38854,Punjab Foods,Retailers - other,3,2025-10-07,42 Erleigh Road,RG1 5NA,Reading
109901,Pure Elegance Cakes and Bakes,Other catering premises,5,2024-12-05,,,Reading
132991,Puree mobile van,Mobile caterer,5,2025-09-18,Pitch 5 Broad Street,RG1 2AA,Reading
131902,PureGym,Retailers - other,Exempt,,350 Basingstoke Road,RG2 0NT,Reading
127223,PureGym,Retailers - other,Exempt,,69 Caversham Road,RG1 8AD,Reading
32251,Purple Turtle,Pub/bar/nightclub,5,2025-07-24,9 Gun Street,RG1 2JR,Reading
59369,Quality Care Providers,Hospitals/Childcare/Caring Premises,5,2026-03-17,51a Circuit Lane,RG30 3HB,Reading
06859,Quality Care Providers Limited,Hospitals/Childcare/Caring Premises,AwaitingInspection,,88 Northumberland Avenue,RG2 7PP,Reading
2623,Quattro Restaurant,Restaurant/Cafe/Canteen,5,2026-06-19,14 Prospect Street,RG4 8JG,Reading
145243,Quick Keto,Other catering premises,5,2024-09-19,,,Reading
06542,Quirky Penguin,Retailers - other,AwaitingInspection,,,,Reading
34602,Qumin Takeaway,Takeaway/sandwich shop,3,2025-06-23,116 Henley Road,RG4 6DH,Reading
2910,Rafina Coffee Lounge,Restaurant/Cafe/Canteen,2,2025-10-09,45 West Street,RG1 1TZ,Reading
38829,Rahim Superstore,Retailers - other,4,2025-03-26,59-61 Wokingham Road,RG6 1LH,Reading
33517,Rainbow Day Nursery,Hospitals/Childcare/Caring Premises,5,2025-04-11,19 Craven Road,RG1 5LE,Reading
06725,Rancheese,Restaurant/Cafe/Canteen,3,2026-02-10,171 Caversham Road,RG1 8BB,Reading
06700,Ranjana Foods,Manufacturers/packers,5,2025-10-30,,,Reading
06644,Rap Café,Other catering premises,1,2025-09-12,Regus 200 Brook Drive Green Park,RG2 6UB,Reading
145680,RCCG Victory at Reading,Other catering premises,3,2025-04-22,553 Oxford Road,RG30 1HJ,Reading
131866,Readifood,Retailers - other,Exempt,,33 Boulton Road,RG2 0NH,Reading
34254,Reading & District Irish Association,Pub/bar/nightclub,4,2025-02-02,96-104 Chatham Street,RG1 7HT,Reading
133183,Reading Beach & Christmas Bar,Pub/bar/nightclub,4,2017-07-31,Bridge Street,,Reading
138671,Reading Biscuit Factory,Retailers - other,5,2024-07-02,1a Queens Walk,RG1 7QF,Reading
17071,Reading Bowling Club,Pub/bar/nightclub,3,2026-06-19,94 Kendrick Road,RG1 5DW,Reading
137506,Reading Delicious Cake,Other catering premises,5,2026-05-09,,,Reading
141846,Reading Express,Retailers - other,3,2025-01-15,102 Oxford Road,RG1 7LL,Reading
135095,Reading Food Centre,Retailers - other,3,2026-04-15,75 Northumberland Avenue,RG2 7PT,Reading
132664,Reading Gateway Premier Inn,Pub/bar/nightclub,5,2026-05-09,Reading Gateway,RG2 0TA,Reading
143776,Reading Ghana Seventh-Day Adventist Church,Other catering premises,3,2024-07-26,10 Cremyll Road,RG1 8NQ,Reading
139600,Reading Golders luncheon Group at Wesley Methodist Church,Restaurant/Cafe/Canteen,5,2026-02-03,84 Queens Road,RG1 4BW,Reading
46552,Reading Grill,Takeaway/sandwich shop,3,2026-03-19,405 Oxford Road,RG30 1HA,Reading
35304,Reading Hindu Temple,Other catering premises,5,2026-07-25,112 Whitley Street,RG2 0EQ,Reading
135488,Reading Local,Retailers - other,3,2025-03-19,252-256 Kings Road,RG1 4HP,Reading
34031,Reading Mencap,Hospitals/Childcare/Caring Premises,Exempt,,21 Alexandra Road,RG1 5PE,Reading
06856,Reading Mini Mart,Retailers - other,1,2026-03-24,302 Oxford Road,RG30 1AD,Reading
136109,Reading Pharmacy,Retailers - other,Exempt,,105 Wokingham Road,RG6 1LN,Reading
131218,Reading Quality Fish,Retailers - other,1,2025-10-07,7 West Street,RG1 1TT,Reading
139281,Reading Railway Club,Pub/bar/nightclub,5,2025-07-31,6a Station Hill,RG1 1NB,Reading
32713,Reading School,School/college/university,5,2025-01-16,Erleigh Road,RG1 5LW,Reading
135410,Reading Sea Cadets,Restaurant/Cafe/Canteen,5,2024-06-30,Oxford Road,RG30 1HW,Reading
06958,Reading Socialeyes,Restaurant/Cafe/Canteen,AwaitingInspection,,Redlands Parish Church & Hall St Luke's Church,RG1 5LH,Reading
06648,Reading Supermarket,Retailers - supermarkets/hypermarkets,4,2025-09-30,437-439 Oxford Road,RG30 1HD,Reading
38840,Reading Tandoori,Restaurant/Cafe/Canteen,4,2026-04-07,262-264 Oxford Road,RG30 1AD,Reading
138938,Reading West SDA,Other catering premises,5,2025-08-21,24 Portman Road,RG30 1EA,Reading
135674,Ready Tasty Fish & Chips,Takeaway/sandwich shop,1,2026-02-19,112 Henley Road,RG4 6DH,Reading
133571,Re-Charge Refectory,School/college/university,5,2025-01-21,Kings Road,RG1 4HJ,Reading
145303,Recipe Hub,Restaurant/Cafe/Canteen,AwaitingInspection,,2-4 Kings Road,RG1 3AA,Reading
62940,Red Balloon Learner Centre,School/college/university,5,2026-02-05,220 Kings Road,RG1 4JJ,Reading
137656,Red Onion Tandoori,Takeaway/sandwich shop,5,2025-03-27,234c Shinfield Road,RG2 8EX,Reading
06965,Reefah’s flavour,Hotel/bed & breakfast/guest house,AwaitingInspection,,Appleton house Alexandra Rd,RG1 5PE,Reading
130390,Revolucion De Cuba,Pub/bar/nightclub,5,2025-11-07,138-141 Friar Street,RG1 1EX,Reading
34233,Richfields Deli and Grill,Restaurant/Cafe/Canteen,3,2026-03-02,211 Caversham Road,RG1 8BB,Reading
06656,Rio's Kitchen,Manufacturers/packers,5,2025-09-19,,,Reading
138589,Rise Bakehouse,Other catering premises,4,2025-05-10,4 Chatham Street,RG1 7JF,Reading
32633,Rising Sun Art Centre,Other catering premises,Exempt,,30 Silver Street,RG1 2ST,Reading
145507,"River Academy, Maiden Erlegh Trust",School/college/university,5,2026-04-24,7 Richfield Avenue,RG1 8EQ,Reading
143362,Rivermead Leisure Centre,Other catering premises,5,2025-08-27,Richfield Avenue,RG1 8EQ,Reading
06925,Riverspice Restaurant,Restaurant/Cafe/Canteen,AwaitingInspection,,206 Caversham Road,RG1 8AZ,Reading
130951,Rizouq,Takeaway/sandwich shop,3,2025-05-16,117 Wokingham Road,,Reading
06861,Rodeo Doughnuts,Manufacturers/packers,AwaitingInspection,,54 Britten Road Robert Cort Industrial Estate,RG2 0AU,Reading
26080,Rontec Watford Ltd,Retailers - other,5,2024-12-28,Richfield Avenue,RG1 8EQ,Reading
06485,Roosters Fried n Grill,Takeaway/sandwich shop,2,2025-10-28,217 London Road,RG1 3NY,Reading
56659,Roosters Piri Piri,Takeaway/sandwich shop,5,2025-09-05,11-12 West Street,RG1 1TT,Reading
06535,Rosa's Thai,Restaurant/Cafe/Canteen,5,2025-03-17,Unit 1 Jackson's Corner 1-9 Kings Road,RG1 3EY,Reading
34264,Rose Garden Early Years Centre,Hospitals/Childcare/Caring Premises,4,2019-08-13,5 Christchurch Gardens,RG2 7AH,Reading
34816,Rosebank House,Hospitals/Childcare/Caring Premises,3,2025-06-19,Lower Henley Road,RG4 5LE,Reading
06837,Roti Joupa Reading,Takeaway/sandwich shop,AwaitingInspection,,16 North Street,RG1 7DA,Reading
141931,Rougevin,Other catering premises,5,2024-07-01,Unit 140 7 Bridgewater Close,RG30 1JT,Reading
139533,Rough Read,Other catering premises,5,2026-01-19,,,Reading
16092,Royal Berkshire Hospital Central Catering,Hospitals/Childcare/Caring Premises,5,2026-02-19,London Road,RG1 5AN,Reading
144230,Royal Chef,Takeaway/sandwich shop,5,2025-10-09,261 Basingstoke Road,RG2 0HY,Reading
06701,Royal Dragon,Takeaway/sandwich shop,4,2025-10-16,242 Northumberland Avenue,RG2 7QA,Reading
144418,Royal Halal Meat,Retailers - other,3,2026-04-16,75 Northumberland Avenue,RG2 7PT,Reading
54353,Royal Tandoori / Bhel Phuri at Ibis Styles Hotel,Restaurant/Cafe/Canteen,3,2025-11-12,4-8 Duke Street,RG1 4RY,Reading
06983,Royale Paradise,Takeaway/sandwich shop,AwaitingInspection,,250-250A Shinfield Road Reading,RG2 8EY,Reading
138285,Rozzique,Other catering premises,3,2026-02-18,,,Reading
59202,S & D Catering Mobile Van at Reading Market,Mobile caterer,5,2024-07-31,Hosier Street,,Reading
06710,Sabor & Joy Bakery,Other catering premises,4,2026-02-03,,,Reading
34478,Sadaka at Fairview Youth & Community Centre,Other catering premises,4,2024-10-26,90b Great knolly's Street,RG1 7HL,Reading
137135,Saffron Alley,Distributors/Transporters,3,2025-10-22,46-48 Portman Road,RG30 1EA,Reading
06537,Sainsbury's,Retailers - supermarkets/hypermarkets,5,2025-03-10,17-27 Station Road,RG1 1LG,Reading
464,Sainsbury's,Retailers - supermarkets/hypermarkets,4,2025-01-29,52-55 Friar Street,RG1 1DX,Reading
34133,Sainsbury's,Retailers - supermarkets/hypermarkets,5,2025-04-10,7-8 Broad Street,RG1 2BH,Reading
32657,Salisbury Conservative Club,Pub/bar/nightclub,5,2026-05-18,316 Kings Road,RG1 4HX,Reading
138595,Salma's Cake Time,Other catering premises,5,2021-09-15,,,Reading
145477,Salt & Smash,Takeaway/sandwich shop,4,2026-04-14,60 Christchurch Road,RG2 7AZ,Reading
143681,Salt Mango Tree,Other catering premises,5,2024-05-26,,,Reading
137912,Sam 99p,Retailers - other,3,2025-04-10,118-119 Friar Street,RG1 1EP,Reading
134423,Samba's Kitchen Ltd - Mr Massamba Thiam,Mobile caterer,3,2025-02-25,173 Cardiff Road,RG1 8HD,Reading
61310,Sambuca Off Licence,Retailers - other,4,2025-01-06,87 Wokingham Road,RG6 1LH,Reading
63659,Sams Wraps Mobile Van,Mobile caterer,4,2025-08-09,Broad Street,,Reading
62380,Sapana Home,Restaurant/Cafe/Canteen,4,2025-11-05,8 Queen Victoria Street,RG1 1TG,Reading
06524,Sara Valy,Other catering premises,5,2025-03-09,,,Reading
06602,Sarah Cairns,Other catering premises,5,2025-12-02,,,Reading
138844,Sarah Walters,Other catering premises,5,2025-09-09,,,Reading
06852,Sarvana Cooks,Other catering premises,5,2026-03-27,,,Reading
137646,Saucey Lady,Other catering premises,5,2026-02-10,,,Reading
132908,Savers,Retailers - other,Exempt,,4-5 St Marys Butts,RG1 2LN,Reading
60617,Sea Masters Fish & Chips at Meadway Precinct,Takeaway/sandwich shop,5,2024-10-03,Honey End Lane,RG30 4AA,Reading
144910,Seasons Afro Caribbean,Takeaway/sandwich shop,5,2024-07-13,375 Oxford Road,RG30 1HA,Reading
47857,Seewoo (Reading),Retailers - supermarkets/hypermarkets,4,2025-05-07,15 Craddock Road,RG2 0JT,Reading
06954,Seixal Summer Club,Restaurant/Cafe/Canteen,AwaitingInspection,,Riverside The Oracle Shopping Centre,RG1 2NG,Reading
06702,Selekt Chicken,Takeaway/sandwich shop,3,2025-11-19,221 London Road,RG1 3NY,Reading
144538,Seoul Plaza,Retailers - other,5,2024-06-13,6-7 St Marys Butts,RG1 2LN,Reading
78787,Serdio Ibericos,Other catering premises,3,2025-09-02,8 Prospect Street,RG4 8JG,Reading
138340,Seven Trees Cider,Other catering premises,5,2025-08-20,,,Reading
06987,Shahs halal food reading,Takeaway/sandwich shop,AwaitingInspection,,33 Oxford Road Reading,RG1 7QG,Reading
06895,Shake Shack,Restaurant/Cafe/Canteen,AwaitingInspection,,121-122 Broad Street,RG1 2BD,Reading
54336,Shapla Tandoori,Takeaway/sandwich shop,3,2026-05-06,248c Shinfield Road,RG2 8EY,Reading
139020,Shawarma Reading,Takeaway/sandwich shop,3,2025-04-11,13 West Street,RG1 1TT,Reading
63280,Shed,Restaurant/Cafe/Canteen,5,2025-11-07,8 Merchants Place,RG1 1DT,Reading
9175,Shell Fairfield Service Station,Retailers - other,5,2025-10-06,Basingstoke Road,RG2 0TA,Reading
9112,Shell Thames Valley Service Station,Retailers - other,5,2025-07-16,George Street,RG4 8DH,Reading
61805,Shinfield Local,Retailers - other,4,2019-11-27,252 Shinfield Road,RG2 8EY,Reading
06624,Shirdi Saibaba Temple & Community,Other catering premises,0,2025-09-04,44 West Street,RG1 1TZ,Reading
114870,Shruti's Bakes,Other catering premises,5,2025-01-15,,,Reading
141489,Signature at Caversham,Hospitals/Childcare/Caring Premises,5,2025-01-07,199-203 Henley Road,RG4 6LB,Reading
06561,Sip and Spin,Pub/bar/nightclub,4,2025-09-10,19 Eldon Terrace,RG1 4DX,Reading
144353,Siren City Bars,Other catering premises,3,2025-06-19,1 Friars Walk,RG1 1HP,Reading
34376,Siri Guru Singh Sabha Gurdwara,Other catering premises,5,2024-03-12,30a Cumberland Road,RG1 3LB,Reading
06768,Sizzling Kebab,Restaurant/Cafe/Canteen,5,2026-04-28,531 Oxford Road,RG30 1HJ,Reading
06557,Skipper's Fish and Chips,Takeaway/sandwich shop,4,2025-04-25,579 Basingstoke Road,RG2 0SJ,Reading
139506,SKVP Reading,Other catering premises,4,2026-06-30,97 Kings Road,RG1 3DD,Reading
145599,Slamburger,Restaurant/Cafe/Canteen,4,2026-04-14,60 Christchurch Road,RG2 7AZ,Reading
143642,Sloth Coffee Van - Selina Lee,Mobile caterer,5,2024-04-04,23 Battle Place,RG30 1AJ,Reading
29541,Slug & Lettuce,Pub/bar/nightclub,5,2025-11-06,7-9 Friar Street,RG1 1DB,Reading
33290,Slug & Lettuce Riverside Reading,Restaurant/Cafe/Canteen,5,2025-02-18,Bridge Street,RG1 2AG,Reading
145011,SmashNGrill,Takeaway/sandwich shop,3,2024-08-17,171 Caversham Road,RG1 8BB,Reading
1190,Smiths Newsagency,Retailers - other,5,2017-12-02,63 Gosbrook Road,RG4 8BN,Reading
06751,Smoke & Pepper,Restaurant/Cafe/Canteen,5,2026-01-26,2-3 Buttermarket,RG1 2DP,Reading
06873,Smoked Oak,Restaurant/Cafe/Canteen,4,2026-04-29,The Lyndhurst 88 Queesn Road,RG1 4DG,Reading
06707,Smokeez Pizza & Grill,Takeaway/sandwich shop,1,2026-04-10,357 Oxford Road,RG30 1AY,Reading
06968,Snowflake Gelato,Restaurant/Cafe/Canteen,AwaitingInspection,,The Oracle Upper Level Kiosk,RG1 2AG,Reading
06595,Sodexo,Other catering premises,5,2025-06-26,350 Brook Drive,RG2 6UU,Reading
15003,Sodexo at Gillette,Restaurant/Cafe/Canteen,5,2025-03-14,452 Basingstoke Road,RG2 0QE,Reading
06778,Soul Chill Café,Restaurant/Cafe/Canteen,3,2026-03-06,67 London Street,RG1 4QA,Reading
140315,Source Cafe @ Three Green Park,Restaurant/Cafe/Canteen,5,2024-11-26,450 Longwater Avenue,RG2 6GF,Reading
06569,South Reading Over 50s Lunch Club,Other catering premises,5,2025-01-15,28-35 Lexington Grove,RG2 8UG,Reading
2295,South Street Arts Centre Bar,Pub/bar/nightclub,5,2025-05-14,21 South Street,RG1 4QU,Reading
06545,South Whitley Superstore,Retailers - supermarkets/hypermarkets,3,2025-08-08,238-240 Northumberland Avenue,RG2 7QA,Reading
06482,Southcote Family Church,Other catering premises,AwaitingInspection,,,,Reading
3415,Southcote Newsagency,Retailers - other,4,2025-11-10,6 Southcote Parade,RG30 3DT,Reading
145628,Southcote Pantry,Other catering premises,5,2025-06-24,280a Southcote Lane,RG30 3BL,Reading
16997,Southcote Pharmacy,Retailers - other,Exempt,,36 Coronation Square,RG30 3QN,Reading
129881,Spar,Retailers - other,3,2024-10-08,12 Spey Road,RG30 4DG,Reading
139435,Sparkly Sew & Sew,Other catering premises,5,2022-02-08,,,Reading
145004,Spicy CHULLA Punjabi Restaurant,Restaurant/Cafe/Canteen,4,2026-05-13,109 Wokingham Road,RG6 1LH,Reading
06724,Spicy Chutney,Mobile caterer,5,2025-12-10,51 Silverthorne Drive Caversham,RG4 7NR,Reading
145337,Spill Bar,Pub/bar/nightclub,4,2025-03-20,29 Church Street,RG4 8BA,Reading
136974,Spinners,Pub/bar/nightclub,5,2024-07-06,1a Queens Walk,RG1 7QF,Reading
22226,Spire Dunedin Hospital,Hospitals/Childcare/Caring Premises,5,2026-07-10,16 Bath Road,RG1 6NS,Reading
139001,Spitiko Greek Restaurant,Restaurant/Cafe/Canteen,3,2025-06-25,6 Prospect Street,RG4 8JG,Reading
144709,Sports Direct,Retailers - other,Exempt,,61-64 Broad Street,RG1 2AJ,Reading
06752,Spud Kingz,Mobile caterer,3,2026-01-14,Unit 5 Reading Gate Retail Park,RG2 0QG,Reading
145508,Spudski,Mobile caterer,5,2025-04-29,2-4 Wokingham Road,RG6 1JG,Reading
06964,SRI Sadguru Seva,Restaurant/Cafe/Canteen,AwaitingInspection,,56 Nightingale Way Reading,RG30 1FF,Reading
06641,St Anthony Store,Retailers - other,4,2025-09-11,7 Whitley Street,RG2 0EG,Reading
06514,St Johns CE Primary School,School/college/university,5,2025-02-26,121-147 Orts Road,RG1 3JN,Reading
17152,St Lukes & The Oaks Residential Home,Hospitals/Childcare/Caring Premises,5,2025-12-12,Marshland Square,RG4 8RP,Reading
142727,St Matthews Church,Other catering premises,5,2023-08-03,205 Southcote Lane,RG30 3AX,Reading
127427,Starbucks at Reading Rail Station Concourse,Restaurant/Cafe/Canteen,5,2025-04-03,Station Approach,,Reading
06758,Starbucks Coffee Company,Restaurant/Cafe/Canteen,5,2026-03-12,Unit 5 Reading Link Retail Park,RG2 0SN,Reading
55452,Starbucks Coffee Shop,Restaurant/Cafe/Canteen,5,2024-03-03,6 King Street,RG1 2HB,Reading
142794,Starbucks Kiosk at Reading Station,Takeaway/sandwich shop,5,2025-09-25,Station Approach,RG1 1LY,Reading
06516,Steak and Smash,Mobile caterer,5,2025-03-21,Flat 20 Cadogan House Rose Kiln Lane,RG2 0HP,Reading
136988,Stepping Stones Preschool,Hospitals/Childcare/Caring Premises,5,2025-10-23,1 Dunsfold Road,RG30 2NP,Reading
34058,Stir Food at The Avenue Special School,School/college/university,5,2026-05-12,Conwy Close,RG30 4BZ,Reading
34313,Stir Fry Caversham,Takeaway/sandwich shop,2,2026-03-16,36a Church Street,RG4 8AU,Reading
137246,Stokrotka,Retailers - other,4,2024-05-06,43 Whitley Street,RG2 0EG,Reading
06695,Stop and Taste,Restaurant/Cafe/Canteen,3,2025-11-28,3 Cavendish Road,RG4 8XU,Reading
136449,Subway,Takeaway/sandwich shop,5,2025-06-24,146 Wokingham Road,RG6 1JL,Reading
142140,Subway,Takeaway/sandwich shop,5,2025-05-17,21 Oxford Road,RG1 7QG,Reading
06762,Subway,Takeaway/sandwich shop,4,2026-02-10,234a Shinfield Road,RG2 8EX,Reading
54146,Subway,Takeaway/sandwich shop,5,2024-07-09,7 Gun Street,RG1 2JR,Reading
56628,Subway,Takeaway/sandwich shop,5,2026-03-25,Moulsford Mews,RG30 1AP,Reading
145384,Subway,Restaurant/Cafe/Canteen,5,2025-01-16,Unit 10 Brunel Retail Park Rose Kiln Lane,RG2 0HS,Reading
06677,Subway,Restaurant/Cafe/Canteen,5,2025-10-28,Unit 4 Brunel Arcade Station Approach,RG1 1LT,Reading
06615,Sue Cantwell,Other catering premises,AwaitingInspection,,,,Reading
62284,Sue Ryder,Retailers - other,Exempt,,6-8 Oxford Road,RG1 7LA,Reading
133811,Sue Ryder Care,Hospitals/Childcare/Caring Premises,5,2026-06-30,22 Liebenrood Road,RG30 2DX,Reading
28748,Sue Ryder Shop,Retailers - other,Exempt,,119 Wokingham Road,RG6 1LH,Reading
143917,Sugar Land Sweets UK,Retailers - other,4,2024-07-19,Paddock Road,RG4 5BY,Reading
131903,Sultan Halal,Retailers - other,4,2025-05-21,403 Oxford Road,RG30 1HA,Reading
06820,Sultan Halal Meats,Retailers - other,5,2026-03-03,80 Tean House Havergate Way,RG2 0GU,Reading
06878,Sume,Restaurant/Cafe/Canteen,4,2026-04-28,3 Broad Street,RG1 2BH,Reading
06790,Sunshine Chinese Takeaway,Takeaway/sandwich shop,3,2026-02-24,893 Oxford Road,RG30 6TR,Reading
06844,Super Convenience,Retailers - other,AwaitingInspection,,125 Friar Street,RG1 1EP,Reading
139612,Super Delight,Retailers - other,5,2025-12-01,125 Friar Street,RG1 1EP,Reading
143772,Super Fire Gym,Other catering premises,5,2024-04-26,19 Boulton Road,RG2 0NH,Reading
141745,Super Striker Fundraisers at Katesgrove Primary School,School/college/university,4,2026-02-27,Dorothy Street,RG1 2NL,Reading
3058,Superdrug Stores,Retailers - other,Exempt,,47-49 Church Street,RG4 8BA,Reading
32345,Superdrug Stores,Retailers - other,Exempt,,55-59 Broad Street,RG1 2AF,Reading
3071,Superdrug Stores at Broad St Mall,Retailers - other,Exempt,,Broad Street,RG1 7QE,Reading
3392,Supersave Convenience,Retailers - other,4,2025-08-08,234 Northumberland Avenue,RG2 7QA,Reading
06678,Supreme Facilites,Other catering premises,5,2025-11-26,10-12 King Street,RG1 2HF,Reading
06679,Supreme Facilites,Other catering premises,4,2025-11-10,648-654 Oxford Road,RG30 1EH,Reading
34268,Sure Hotel by Best Western Reading,Hotel/bed & breakfast/guest house,5,2025-03-05,39 Christchurch Road,RG2 7AN,Reading
143120,Sure Start Whitley Nursery,Hospitals/Childcare/Caring Premises,5,2026-06-19,252-260 Northumberland Avenue,RG2 7QA,Reading
06655,Surpal Food and Wine,Retailers - other,5,2026-05-11,225A London Road,,Reading
134365,Sushi Daily at Waitrose,Retailers - other,5,2026-03-18,51 Church Street,RG4 8AY,Reading
145034,Sushi Daily at Waitrose,Retailers - other,5,2025-10-29,980 Oxford Road,RG30 6WR,Reading
57152,Sushi Mania,Restaurant/Cafe/Canteen,4,2026-05-13,9 Queens Walk,RG1 7QF,Reading
06909,Suzi’s Sweet Treats,Mobile caterer,AwaitingInspection,,2 Tay Road,RG30 4DR,Reading
06848,Swaadish Fried Chicken by The Bowler Gourmet Balls,Mobile caterer,5,2026-04-30,Blue Collar Corner 15 Hosier Street,RG1 7QL,Reading
06911,Swarasya Authentic Indian,Other catering premises,AwaitingInspection,,,,Reading
2729,Sweeney & Todd,Restaurant/Cafe/Canteen,5,2024-11-19,10 Castle Street,RG1 7RD,Reading
138268,Sweet Cloud Cakery,Other catering premises,5,2021-03-09,50 Corwen Road,RG30 4SJ,Reading
137929,Sweets and More,Other catering premises,3,2025-07-29,,,Reading
145170,Taco Bell,Restaurant/Cafe/Canteen,4,2026-06-30,207-211 Broad Street,RG1 7QH,Reading
06622,Take Your Time,Restaurant/Cafe/Canteen,3,2025-11-18,Unit 5A First Floor The Village 19-23 King Street,RG1 2HG,Reading
06513,Tanatan,Restaurant/Cafe/Canteen,4,2026-04-15,45 London Street,RG1 4PS,Reading
06722,Tania Baked Goods,Other catering premises,5,2026-01-08,,,Reading
141579,Tariq Halal Meats Reading,Retailers - other,5,2025-08-20,477 Oxford Road,RG30 1HF,Reading
145238,Taste of Malabar,Other catering premises,4,2024-10-04,,,Reading
06854,Taste5,Retailers - supermarkets/hypermarkets,5,2026-06-10,132 Friar Street,RG1 1EP,Reading
136966,Tasty Greek Souvlaki,Restaurant/Cafe/Canteen,5,2025-01-26,20 Market Place,RG1 2EG,Reading
06810,Tasty States,Mobile caterer,AwaitingInspection,,Flat 3 Forbury House,RG30 2QU,Reading
135871,Tea People,Retailers - other,1,2026-03-25,115 Loverock Road,RG30 1DZ,Reading
136391,Teacups and Sugar Lumps,Other catering premises,5,2019-11-27,,,Reading
129912,TeamSport Indoor Karting,Restaurant/Cafe/Canteen,5,2025-06-26,Cradock Road,RG2 0EE,Reading
06972,Tech & Treats,Retailers - other,AwaitingInspection,,551 Oxford Road,RG30 1HJ,Reading
06658,Teng Hui,Takeaway/sandwich shop,5,2025-10-08,343 Oxford Road,RG30 1AY,Reading
135548,Tequila Off Licence,Retailers - other,2,2024-06-28,256-258 Oxford Road,RG30 1AD,Reading
145263,Terry's Takeaway,Takeaway/sandwich shop,4,2026-03-23,437 Basingstoke Road,RG2 0JF,Reading
9152,Tesco,Retailers - supermarkets/hypermarkets,5,2025-08-19,108 Bath Road,RG30 2EU,Reading
62132,Tesco,Retailers - supermarkets/hypermarkets,5,2025-02-09,12 Tilehurst Road,RG1 7TN,Reading
128666,Tesco,Retailers - supermarkets/hypermarkets,5,2025-01-30,211 Oxford Road,RG1 7PX,Reading
59274,Tesco,Retailers - supermarkets/hypermarkets,5,2025-01-29,28-34 Oxford Road,RG1 7LA,Reading
58497,Tesco,Retailers - supermarkets/hypermarkets,5,2025-01-29,4 Market Place,RG1 2EG,Reading
129086,Tesco,Retailers - supermarkets/hypermarkets,5,2025-01-31,55 Whitley Street,RG2 0EG,Reading
55962,Tesco,Retailers - supermarkets/hypermarkets,5,2025-03-02,6-8 Crown Street,,Reading
53969,Tesco,Retailers - supermarkets/hypermarkets,5,2025-02-09,Buckingham Drive,RG4 8RZ,Reading
468,Tesco,Retailers - supermarkets/hypermarkets,5,2019-09-17,Napier Road,RG1 8DF,Reading
54151,Tesco,Retailers - supermarkets/hypermarkets,5,2025-10-31,Portman Road,RG30 1AW,Reading
129236,Tesco at Crown Collonade,Retailers - supermarkets/hypermarkets,5,2025-10-29,London Road,RG1 5BA,Reading
9100,Tesco Express,Retailers - supermarkets/hypermarkets,5,2025-02-09,18-20 Church Street,RG4 8AU,Reading
38837,Tesco Express,Retailers - supermarkets/hypermarkets,5,2025-02-11,203-205 Shinfield Road,RG2 8HA,Reading
49689,Tesco Family Dining at Tesco Customer Cafe,Restaurant/Cafe/Canteen,5,2025-12-02,Napier Road,RG1 8DF,Reading
27458,Tesco Petrol Station,Retailers - other,5,2025-03-02,Napier Road,RG1 8DF,Reading
56086,Tesco Petrol station,Retailers - other,5,2025-02-09,Portman Road,RG30 1AW,Reading
139550,Tesco Reading Green Park Express,Retailers - supermarkets/hypermarkets,5,2025-01-31,51b Flagstaff Road,RG2 6BW,Reading
06607,Tesco Stores,Retailers - supermarkets/hypermarkets,5,2025-06-23,1 Palmer Street,RG1 3GX,Reading
06612,TG Jones,Retailers - other,4,2025-07-07,39 Broad Street,RG1 2AD,Reading
38989,Thai Corner,Restaurant/Cafe/Canteen,3,2025-12-04,47 West Street,RG1 1TT,Reading
106942,Thai Prawn Crackers,Other catering premises,4,2025-10-30,,,Reading
130658,Thai Table,Restaurant/Cafe/Canteen,5,2026-05-19,8 Church Road,RG4 7AD,Reading
138560,ThaiGrr!,Restaurant/Cafe/Canteen,5,2024-06-22,1d Queens Walk,RG1 7QF,Reading
145060,Thames Hospice Cafe - Reading,Restaurant/Cafe/Canteen,5,2025-03-12,16a -16b Richfield Avenue,RG1 8EQ,Reading
132831,Thames Lido,Restaurant/Cafe/Canteen,5,2025-09-04,Napier Road,,Reading
127972,Thames Valley School,School/college/university,5,2025-11-11,2 Conwy Close,RG30 4BZ,Reading
06803,The Acai Club,Takeaway/sandwich shop,5,2026-03-24,85 Kings Road,RG1 3DD,Reading
2260,The Ale House,Pub/bar/nightclub,3,2026-04-23,2 Broad Street,RG1 2BH,Reading
2264,The Allied Arms,Pub/bar/nightclub,5,2025-10-10,57 St Marys Butts,RG1 2LG,Reading
33356,The Atrium Cafe,Restaurant/Cafe/Canteen,5,2025-07-01,Friar Street,RG1 1EH,Reading
138880,The Atrium Health Club,Other catering premises,1,2025-12-18,Scours Lane,RG30 6AY,Reading
06770,The Bakery Cottage,Other catering premises,4,2026-02-16,19 Arbroath Road,RG30 4EF,Reading
142875,The Bap,Takeaway/sandwich shop,3,2025-08-06,23-24 Market Place,RG1 2DE,Reading
06871,The Belfry Bakery,Other catering premises,5,2026-07-23,,,Reading
35285,The Berkshire Independent Hospital,Hospitals/Childcare/Caring Premises,5,2026-04-14,Wensley Road,RG1 6UZ,Reading
122224,The Biryani Lounge,Restaurant/Cafe/Canteen,4,2026-04-13,89 Wokingham Road,RG6 1LH,Reading
62418,The Bite Sandwich and Coffee Bar at Milestone Way precinct,Takeaway/sandwich shop,4,2024-07-25,Milestone Way,RG4 8XW,Reading
2224,The Black Horse,Pub/bar/nightclub,5,2025-08-04,16 Kidmore End Road,RG4 8SE,Reading
2227,The Blagrave Arms,Pub/bar/nightclub,5,2025-08-21,35 Blagrave Street,RG1 1PW,Reading
132116,The Botanist,Pub/bar/nightclub,5,2024-08-02,Unit 1 1-5 Kings Street,RG1 2HB,Reading
06672,The Bounce Park Reading,Restaurant/Cafe/Canteen,5,2026-02-17,River Academy 7 Richfield Avenue,RG1 8EQ,Reading
32265,The Boundary,Pub/bar/nightclub,5,2025-08-09,21-23 St Marys Butts,RG1 2LN,Reading
145162,The Breakfast Van - Elisabethe Pal,Mobile caterer,5,2024-09-06,Reading Train Station,RG1 8AC,Reading
06496,The Burger Society,Mobile caterer,5,2025-03-02,Blue Collar Corner 15 Hosier Street,RG1 7QL,Reading
143317,The Butchers Arms,Pub/bar/nightclub,4,2024-07-15,9 Lower Armour Road,RG31 6HH,Reading
2343,The Butler,Pub/bar/nightclub,5,2024-03-21,85-91 Chatham Street,RG1 7DS,Reading
138659,The Cake Code,Other catering premises,5,2024-03-21,,,Reading
66769,The Cakery Store,Other catering premises,AwaitingInspection,,,,Reading
34039,The Carey Centre,Restaurant/Cafe/Canteen,5,2026-02-11,Anstey Road,RG1 7JR,Reading
130094,The Castle Tap Public House,Pub/bar/nightclub,5,2025-09-18,120 Castle Street,RG1 7RJ,Reading
06619,The Charming Belle Desserts,Mobile caterer,5,2025-10-28,Unit 5 Cantay House 29a Ardler Road Caversham,RG4 5AE,Reading
139581,The Chicken Shop,Other catering premises,4,2026-03-14,19-23 King Street,RG1 2HG,Reading
141019,The Churros Kitchen,Restaurant/Cafe/Canteen,5,2024-12-01,King Street,RG1 2HG,Reading
06521,The Clifton Arms,Other catering premises,4,2025-03-12,12 Gosbrook Road Caversham,RG4 8BS,Reading
138871,The Cocktail Club Reading,Pub/bar/nightclub,2,2026-03-11,5 Gun Street,RG1 2JR,Reading
138968,The Coconut Tree,Other catering premises,3,2025-10-14,64-72 Kings Road,RG1 3BJ,Reading
145256,The Coffee Van,Mobile caterer,4,2026-06-23,The Oracle,RG1 2AQ,Reading
134486,The Coffee Van - Civic Offices,Mobile caterer,5,2024-06-25,Bridge Street,RG1 2LU,Reading
138077,The Coffee Van - Queen's Walk,Mobile caterer,5,2025-01-29,Queens Walk,RG1 7QF,Reading
136029,The Coffee Van - Reading Station Pitch 1,Mobile caterer,5,2025-09-30,Pitch 1 Trooper Potts Way,RG1 8AL,Reading
137501,The Collective Caversham Ltd,Retailers - other,5,2024-06-11,25 Church Road,RG4 7AA,Reading
06726,The Co-op,Retailers - supermarkets/hypermarkets,5,2026-03-07,21 The Triangle Tilehurst,RG30 4RN,Reading
06792,The Corn Stores,Restaurant/Cafe/Canteen,AwaitingInspection,,10 Forbury Road,RG1 1SB,Reading
06729,The Crown Caversham,Pub/bar/nightclub,5,2026-03-02,3 Bridge Street Caversham,RG4 8AA,Reading
136483,The Crucible Sports and Social Club,Pub/bar/nightclub,4,2025-02-02,Unit 6 Richfield Avenue,RG1 8EQ,Reading
06512,The Curious Lounge,Restaurant/Cafe/Canteen,5,2025-03-05,20 Tudor Road,RG1 1NH,Reading
34744,The Dairy at University of Reading,Restaurant/Cafe/Canteen,5,2025-06-11,London Road,RG1 5AQ,Reading
06966,The Deli Van Man,Other catering premises,AwaitingInspection,,30 Ashcroft Close Caversham,RG4 7NU,Reading
06550,The E.F.T. Kitchen,Other catering premises,5,2025-08-15,,,Reading
135439,The Eggfree Cake Box,Retailers - other,5,2026-02-26,73 Wokingham Road,RG6 1LH,Reading
34037,The Face Bar,Pub/bar/nightclub,4,2024-03-20,Ambrose Place,RG1 7RB,Reading
144586,The Festival Store Pizza and Sidez,Mobile caterer,5,2024-05-03,81 South View Avenue,RG4 5AJ,Reading
129825,The Fishermans Cottage,Hotel/bed & breakfast/guest house,4,2026-01-07,Kennet Side,RG1 3DW,Reading
131394,The Fit Cookie,Retailers - other,Exempt,,15 West Street,RG1 1TT,Reading
132039,The Food Warehouse Iceland,Retailers - supermarkets/hypermarkets,5,2025-02-26,Rose Kiln Lane,RG2 0SN,Reading
06614,The Foresters Arms,Pub/bar/nightclub,3,2026-01-28,79 Brunswick Street,RG1 6NY,Reading
62566,The Golden Dragon,Takeaway/sandwich shop,4,2025-06-11,230 Northumberland Avenue,RG2 7QA,Reading
141858,The Good Brothers,Other catering premises,5,2026-01-07,183 Wokingham Road,RG6 1LT,Reading
2625,The Gorge Cafe,Restaurant/Cafe/Canteen,4,2025-10-30,227 Caversham Road,RG1 8BB,Reading
128580,The Greyfriar,Pub/bar/nightclub,3,2025-05-02,53 Greyfriars Road,RG1 1PA,Reading
1779,The Griffin,Pub/bar/nightclub,5,2025-09-11,10-12 Church Road,RG4 7AD,Reading
129732,The Grove Cafe at Meadway Precinct,Restaurant/Cafe/Canteen,5,2024-10-03,Honey End Lane,RG30 4AA,Reading
9975,The Hexagon,Restaurant/Cafe/Canteen,5,2025-03-07,Queens Walk,RG1 7UA,Reading
06504,The Hill Primary School,School/college/university,4,2025-02-05,Peppard Road,RG4 8TU,Reading
2290,The Hop Leaf,Pub/bar/nightclub,4,2017-11-08,163 Southampton Street,RG1 2QZ,Reading
32244,The Hope Tap,Pub/bar/nightclub,5,2026-03-11,99-102 Friar Street,RG1 1EP,Reading
138332,The Hub,Restaurant/Cafe/Canteen,5,2025-02-26,21 Cholmeley Road,,Reading
06943,The Hunger Hunt,Mobile caterer,AwaitingInspection,,258A Oxford Road,RG30 1AD,Reading
06975,"The Hut, Central Kebabs",Mobile caterer,AwaitingInspection,,39 St Marys Butts,RG1 2LG,Reading
61433,The Kitchen at Reading College,School/college/university,5,2025-03-04,Kings Road,RG1 4HJ,Reading
06834,The Lantern Chef,Other catering premises,5,2026-06-12,,,Reading
136623,The Last Crumb,Pub/bar/nightclub,4,2025-10-13,76 Prospect Street,RG4 8JN,Reading
2855,The Lemon Plaice,Takeaway/sandwich shop,4,2024-10-12,2 Norcot Road,RG30 6BU,Reading
35123,The Link Cafe,Restaurant/Cafe/Canteen,5,2025-05-22,28 School Road,RG31 5AN,Reading
140886,The Little Coffee Express,Mobile caterer,5,2024-11-08,,,Reading
50234,The Lodge Day Nursery at Southcote Children's Centre,Hospitals/Childcare/Caring Premises,5,2025-07-08,85 Coronation Square,RG30 3QP,Reading
32929,The London Street Brasserie,Restaurant/Cafe/Canteen,5,2025-06-22,2-4 London Street,RG1 2AG,Reading
17130,The Mansion House,Pub/bar/nightclub,5,2026-06-29,Liebenrood Road,RG30 2ND,Reading
144453,The Meme's Kitchen,Restaurant/Cafe/Canteen,3,2026-05-07,57 Basingstoke Road,RG2 0ER,Reading
14379,The Moderation,Pub/bar/nightclub,3,2026-03-17,213 Caversham Road,RG1 8BB,Reading
06682,The Monks Retreat,Pub/bar/nightclub,4,2026-07-06,163 Friar Street,RG1 1HE,Reading
2266,The Nags Head,Pub/bar/nightclub,4,2025-08-05,5 Russell Street,RG1 7XD,Reading
06944,The National Meat Halal,Retailers - other,5,2026-04-10,117-119 Oxford Road,RG1 7UH,Reading
2736,The New Reading Hotel and Cafe,Hotel/bed & breakfast/guest house,5,2023-10-25,93-95 Basingstoke Road,RG2 0HA,Reading
34879,The New Red Lantern,Takeaway/sandwich shop,1,2026-01-21,6 Norcot Road,RG30 6BU,Reading
06789,The Nook,Restaurant/Cafe/Canteen,5,2026-03-06,17-19 Valpy Street,RG1 1AR,Reading
127155,The Oasis,Restaurant/Cafe/Canteen,5,2025-07-04,21 Baker Street,RG1 7XT,Reading
127384,The Original Gourmet Burger Co.,Restaurant/Cafe/Canteen,5,2026-03-13,127 Wokingham Road,RG6 1LH,Reading
55094,The Outlook,Pub/bar/nightclub,5,2025-02-18,76-78 Kings Road,RG1 3BJ,Reading
06554,The Pantry @ St Barnabas,Other catering premises,4,2025-04-03,St Barnabas Elm Road,RG6 5TS,Reading
48759,The Pantry Café & Kitchen at Museum and Town Hall,Restaurant/Cafe/Canteen,5,2025-09-11,Blagrave Street,RG1 1QH,Reading
06952,the Pheasant Inn PH,Pub/bar/nightclub,2,2026-05-11,225 Southampton Street,RG1 2RB,Reading
2271,The Plough Inn,Pub/bar/nightclub,3,2025-05-21,78 School Road,RG31 5AW,Reading
136392,The Pondhouse,Pub/bar/nightclub,4,2025-09-10,738 Oxford Road,RG30 1EH,Reading
141849,The Pop Inn,Retailers - supermarkets/hypermarkets,4,2024-09-11,48 Erleigh Road,RG1 5NA,Reading
132557,The Prince,Pub/bar/nightclub,5,2026-05-25,111 School Road,RG31 5BQ,Reading
24163,The Progress Theatre,Retailers - other,Exempt,,The Mount,RG1 5HL,Reading
138249,The Purple Cake Company,Other catering premises,5,2026-01-30,,,Reading
135665,The Queens Head,Pub/bar/nightclub,2,2025-07-01,54 Christchurch Road,RG2 7AZ,Reading
06908,The Quiet Ritual,Mobile caterer,AwaitingInspection,,38 Bedford Road,RG1 7HS,Reading
06773,The Railway Tavern,Pub/bar/nightclub,4,2026-06-04,31 Greyfriars Road,RG1 1PA,Reading
59581,The Range,Retailers - other,5,2024-10-27,Caversham Road,RG1 8AL,Reading
145517,The Range,Retailers - other,5,2024-10-27,Rose Kiln Lane,RG2 0HS,Reading
134532,The Red Cow,Pub/bar/nightclub,4,2026-03-11,56 Star Road,RG4 5BE,Reading
2312,The Retreat,Pub/bar/nightclub,5,2025-07-16,8 St Johns Street,RG1 4EH,Reading
144113,The Rising Sun,Pub/bar/nightclub,5,2025-01-30,16 Castle Street,RG1 7RD,Reading
2304,The Roebuck,Pub/bar/nightclub,3,2026-05-07,37 Auckland Road,RG6 1NY,Reading
2265,The Rose & Thistle,Pub/bar/nightclub,4,2025-06-26,43 Argyle Road,RG1 7YL,Reading
49321,The Roseate/The Reading Rooms,Hotel/bed & breakfast/guest house,4,2025-03-14,26 The Forbury,RG1 3EJ,Reading
06601,The Royal Oak,Pub/bar/nightclub,5,2026-04-22,The Royal Oak PH 69 Westwood Glen Tilehurst,RG31 5NW,Reading
52248,The Salvation Army Church Lunch Club,Restaurant/Cafe/Canteen,4,2025-06-05,Anstey Road,RG1 7JR,Reading
06979,The Sanctuary Cafe,Restaurant/Cafe/Canteen,AwaitingInspection,,35-39 London Street Reading,RG1 4PS,Reading
06738,The Shack,Takeaway/sandwich shop,5,2026-01-17,Mapledurham Pavilion Upper Woodcote Road,RG4 7EZ,Reading
780,The Shop Inn,Retailers - other,5,2025-07-23,114 Henley Road,RG4 6DH,Reading
32636,The Signal Box,Pub/bar/nightclub,5,2024-08-09,18 Friar Street,RG1 1DB,Reading
06817,The Snack Shed,Other catering premises,5,2026-03-04,,,Reading
132835,The Soju at Kings Walk,Restaurant/Cafe/Canteen,3,2025-09-25,King Street,RG1 2HG,Reading
17221,The Southcote Beefeater,Pub/bar/nightclub,5,2025-09-03,19 Southcote Lane,RG30 3AG,Reading
14433,The Sportsman,Pub/bar/nightclub,5,2025-08-05,201 Shinfield Road,RG2 7DS,Reading
137715,The Spread Eagle / Bagheera Indian Restaurant & Bar,Pub/bar/nightclub,5,2024-11-26,117 Norfolk Road,RG30 2EG,Reading
06717,The Spud Wagon,Mobile caterer,4,2026-03-03,O/S Reading Station Station Hill,RG1 1LY,Reading
39114,The Supported Living Team,Hospitals/Childcare/Caring Premises,Exempt,,188 Whitley Wood Lane,RG2 8PR,Reading
139410,The Switch,Other catering premises,4,2024-11-16,19 The Triangle,RG30 4RN,Reading
06730,The Switch - Grab & Go,Takeaway/sandwich shop,3,2026-03-13,109B School Road Tilehurst,RG31 5BH,Reading
129243,The Tasty Plaice,Takeaway/sandwich shop,5,2025-10-08,158 Park Lane,RG31 4DU,Reading
59402,The Tea Kiosk at Caversham Court Gardens,Restaurant/Cafe/Canteen,5,2025-08-13,Church Road,RG4 7AD,Reading
25999,The Three Guineas,Pub/bar/nightclub,5,2026-04-27,Station Approach,RG1 1LY,Reading
2292,The Three Tuns,Pub/bar/nightclub,4,2024-08-30,191 Wokingham Road,RG6 1LT,Reading
108822,The Tilehurst Coffee Van,Mobile caterer,4,2024-11-14,202 Thirlmere Avenue,RG30 6XJ,Reading
06621,The Travellers Rest,Pub/bar/nightclub,2,2025-05-02,180 Henley Road Caversham,RG4 5DL,Reading
06720,The Veg Box,Retailers - other,2,2026-01-06,44 West Street,RG1 1TZ,Reading
33172,The Victoria,Pub/bar/nightclub,5,2025-05-23,1 Norcot Road,RG30 6BP,Reading
129270,The Victoria Cross,Pub/bar/nightclub,5,2025-06-27,350 Basingstoke Road,RG2 0HB,Reading
33061,The Vue Cinema at The Oracle,Retailers - other,5,2025-10-30,Bridge Street,RG1 2AG,Reading
145672,The Way Ministry Reading,Other catering premises,5,2025-06-08,90b Great Knollys Street,RG1 7HL,Reading
129701,The White Eagle,Pub/bar/nightclub,5,2024-05-10,344a Oxford Road,RG30 1AQ,Reading
32552,The White Horse,Pub/bar/nightclub,5,2025-07-29,9 Kidmore End Road,RG4 8SD,Reading
06900,Thirsty Bear,Pub/bar/nightclub,4,2026-05-07,110 Kings Road,RG1 3BY,Reading
35000,Thomas Franks at Chiltern Nursery & Training College,School/college/university,5,2025-11-05,20 Peppard Road,RG4 8JZ,Reading
49642,Thomas Franks at Leighton Park School,School/college/university,5,2025-01-07,Shinfield Road,RG2 7ED,Reading
34600,Thomas Franks at Queen Annes School,School/college/university,4,2026-06-04,Henley Road,RG4 6DX,Reading
35267,Tilehurst Bowls Club,Pub/bar/nightclub,5,2024-03-22,Wardle Avenue,RG31 6JR,Reading
131484,Tilehurst Convenience Store,Retailers - other,2,2026-01-14,227-229 Kentwood Hill,RG31 6JD,Reading
3072,Tilehurst Pharmacy,Retailers - other,Exempt,,7 School Road,RG31 5AR,Reading
16992,Tilehurst Royal British Legion,Pub/bar/nightclub,5,2025-04-27,Downing Road,RG31 5BB,Reading
9151,Tilehurst SF Connect,Retailers - other,5,2025-06-27,Tilehurst Road,RG1 7TW,Reading
99350,Tittamisu,Other catering premises,5,2023-06-22,,,Reading
128432,TK Maxx at Reading Gate Retail Park,Retailers - other,Exempt,,,RG2 0QG,Reading
33145,Toby Carvery,Restaurant/Cafe/Canteen,5,2026-06-08,Richfield Avenue,RG1 8EQ,Reading
51339,Today's Express,Retailers - other,3,2024-11-26,107 Oxford Road,RG1 7UD,Reading
141953,Today's Express,Retailers - other,5,2023-05-23,17 Duke Street,RG1 4SA,Reading
141337,Today's Local,Retailers - supermarkets/hypermarkets,3,2025-12-01,205 Oxford Road,RG1 7BX,Reading
1201,Today's Store,Retailers - other,5,2018-12-10,1 Prince Of Wales Avenue,RG30 2UR,Reading
143903,Together for Mental Wellbeing,Hospitals/Childcare/Caring Premises,Exempt,,Orts Road,RG1 3HE,Reading
47425,Tops Pizza,Takeaway/sandwich shop,5,2026-04-27,10 Wokingham Road,RG6 1JG,Reading
137262,Tortilla Reading,Restaurant/Cafe/Canteen,5,2026-06-15,4-5 Broad Street,RG1 2BH,Reading
136147,Tradeteam,Distributors/Transporters,Exempt,,1-3 Gillette Way,RG2 0BS,Reading
143346,Traditional Romanesc,Restaurant/Cafe/Canteen,3,2025-09-24,146-148 Chatham Street,RG1 7HT,Reading
137920,Traditional Romanesc,Retailers - other,5,2025-07-14,316 Oxford Road,RG30 1AD,Reading
33560,Travelodge Reading Central,Hotel/bed & breakfast/guest house,Exempt,,60 Oxford Road,RG1 7LT,Reading
32953,Travelodge Reading Whitley,Hotel/bed & breakfast/guest house,5,2025-08-13,387 Basingstoke Road,RG2 0JE,Reading
129175,Treatz Dessert Parlour,Restaurant/Cafe/Canteen,5,2024-06-29,29 Friar Street,RG1 1DP,Reading
32760,Trehan Newsagents,Retailers - other,1,2026-06-19,67 Basingstoke Road,RG2 0ER,Reading
3073,Triangle Pharmacy,Retailers - other,Exempt,,90 School Road,RG31 5AW,Reading
58713,True Food Community Co-op,Retailers - other,5,2024-11-07,61-61a Grove Road,RG4 8LJ,Reading
34972,Tuesday Lunch Club at West Reading Salvation Army,Hospitals/Childcare/Caring Premises,5,2025-10-14,522 Oxford Road,RG30 1EG,Reading
140272,Tulip Home Baker,Other catering premises,5,2022-06-15,,,Reading
143826,Turk,Restaurant/Cafe/Canteen,4,2025-12-18,31 London Road,RG1 5BJ,Reading
130529,Turkish Grill at Milestone Way Precinct,Restaurant/Cafe/Canteen,2,2026-06-22,13 Milestone Way,RG4 8XW,Reading
137140,Turkish Halal Food Centre,Retailers - other,0,2026-01-22,133-135 Oxford Road,RG1 7UU,Reading
145275,Turkish Halal Food Centre,Retailers - supermarkets/hypermarkets,3,2024-09-12,70 Whitley Street,RG2 0EQ,Reading
60887,Turkish Mangal,Restaurant/Cafe/Canteen,2,2026-05-28,228 Northumberland Avenue,RG2 7QA,Reading
135510,Tutu's Ethiopian Table at Palmer Park Lodge,Restaurant/Cafe/Canteen,5,2025-05-16,Wokingham Road,RG6 1LF,Reading
142948,Tutu's Food Truck,Other catering premises,5,2025-05-16,,,Reading
311,Twins News Mart,Retailers - other,5,2025-11-10,65 Watlington Street,RG1 4RQ,Reading
06866,TWT,Other catering premises,AwaitingInspection,,,,Reading
06749,Tyler International,Retailers - other,5,2026-01-20,Room 241 Green Park 200 Brook Drive,RG2 6UB,Reading
2279,Tylers Rest,Pub/bar/nightclub,4,2026-04-20,149 Norcot Road,RG30 6BS,Reading
34349,Tyndale Baptist Church,Other catering premises,5,2024-10-28,2-4 Cressingham Road,RG2 7JE,Reading
81480,Tyndale Baptist Church,Other catering premises,AwaitingInspection,,,,Reading
06761,UK Halal Meat,Retailers - other,2,2026-02-09,79 Wokingham Road,RG6 1LH,Reading
06967,uKids @ Meadow Park,School/college/university,AwaitingInspection,,Meadow Park Academy Norcot Road Tilehurst,RG30 6BS,Reading
06696,uKids @ St Martins RG6,School/college/university,4,2025-12-03,St Martin's School Pendennis Avenue Caversham,RG4 6SS,Reading
138280,Up and Running UK,Retailers - other,Exempt,,,,Reading
47431,Up The Junction,Pub/bar/nightclub,5,2025-08-26,231 London Road,RG1 3NY,Reading
39095,Upper Crust at Reading Rail Station Concourse,Takeaway/sandwich shop,5,2025-07-31,Station Approach,RG1 1LT,Reading
145684,Urban Fun,Restaurant/Cafe/Canteen,5,2025-01-30,Broad Street,RG1 7QE,Reading
63431,V & M Convenience Store,Retailers - other,5,2025-07-12,373 Oxford Road,RG30 1HA,Reading
3078,Vantage Pharmacy,Retailers - other,Exempt,,231 Shinfield Road,RG2 8HD,Reading
06851,Vegivores,Restaurant/Cafe/Canteen,5,2026-03-23,41A Church Street,RG4 8BA,Reading
139594,Vera's Cakes,Other catering premises,4,2021-11-16,,,Reading
141613,Vesuvio Pizzeria,Restaurant/Cafe/Canteen,5,2026-01-05,20 Norcot Road,RG30 6BU,Reading
06910,Veteran Wife Bakes,Mobile caterer,5,2026-07-06,c/o Flavour Of Mauritius 143-145 Caversham Rd,RG1 8AU,Reading
35264,Victoria Road Preschool at Tilehurst Village Hall,Hospitals/Childcare/Caring Premises,Exempt,,17 Victoria Road,RG31 5AB,Reading
130932,Viktoria Cake Shop,Retailers - other,5,2021-05-01,423 Oxford Road,RG30 1HA,Reading
06941,Vildra,Distributors/Transporters,Exempt,,9 Greyfriars Road,RG1 1NU,Reading
06744,Village Hotel,Restaurant/Cafe/Canteen,5,2026-03-01,Crowne Plaza Reading Richfield Avenue,RG1 8BD,Reading
32477,Village Tandoori Restaurant,Restaurant/Cafe/Canteen,3,2025-03-23,14 Kidmore End Road,RG4 8SD,Reading
59544,Village Wine & Beers,Retailers - other,Exempt,,Milestone Way,RG4 8XW,Reading
133191,Vino Vita,Restaurant/Cafe/Canteen,5,2026-05-03,20 Valpy Street,RG1 1AR,Reading
143462,Vintage Days Out Ltd,Mobile caterer,5,2024-07-15,Mill Green,RG4 8EX,Reading
33048,Voco Reading Hotel,Hotel/bed & breakfast/guest house,5,2026-04-25,Shooters Way,RG2 0FL,Reading
35173,Voyage Care,Hospitals/Childcare/Caring Premises,5,2025-03-26,26 St Barnabas Road,RG4 8RA,Reading
143924,Voyage Care,Hospitals/Childcare/Caring Premises,5,2025-10-23,29 Briants Avenue,RG4 5AY,Reading
34837,Voyage Care,Hospitals/Childcare/Caring Premises,4,2026-01-12,2a & 2b Mayfair,RG30 4QY,Reading
35092,Voyage Care,Hospitals/Childcare/Caring Premises,5,2025-10-23,30 Richmond Road,RG4 7PR,Reading
140947,Voyage Care,Hospitals/Childcare/Caring Premises,5,2025-07-17,Apple Blossom House 34 St Ronans Road,RG30 2QE,Reading
06787,Wadi Apothecary,Mobile caterer,5,2026-05-05,26 Addington Road,RG1 5PX,Reading
141032,Wafflicious Gelato,Takeaway/sandwich shop,4,2025-05-08,,,Reading
47286,Wagamamas at The Oracle,Restaurant/Cafe/Canteen,5,2025-10-15,Bridge Street,RG1 2AG,Reading
32471,Waitrose,Retailers - supermarkets/hypermarkets,4,2025-11-14,51 Church Street,RG4 8AY,Reading
27208,Waitrose,Retailers - supermarkets/hypermarkets,5,2024-12-05,980 Oxford Road,RG30 6WR,Reading
06481,Wan Choi,Takeaway/sandwich shop,4,2025-03-23,611 Oxford Road,RG30 1HL,Reading
30346,Warings Craft Bakers,Retailers - other,5,2025-09-11,32d Church Street,RG4 8AU,Reading
652,Warings Craft Bakers,Retailers - other,5,2025-08-01,53 Armour Road,RG31 6HA,Reading
598,Warings Craft Bakers,Retailers - other,5,2025-08-07,80 School Road,RG31 5AW,Reading
62332,Water Tower (Tilehurst),Pub/bar/nightclub,5,2025-10-23,160 Park Lane,RG31 4DU,Reading
34819,Waterside Day Care,Hospitals/Childcare/Caring Premises,5,2025-10-03,82 Lyndhurst Road,RG30 6UB,Reading
27671,Waterstone's,Retailers - other,Exempt,,89a Broad Street,RG1 2AP,Reading
57819,Wednesday Lunch Club at St Michaels Church,Restaurant/Cafe/Canteen,5,2026-02-11,Routh Lane,,Reading
137251,Weller Centre,Other catering premises,5,2026-06-04,110 Amersham Road,RG4 5NA,Reading
138931,Wendy's Restaurant,Restaurant/Cafe/Canteen,5,2026-04-17,1 Station Road,RG1 1LG,Reading
141096,Wenzel's the Bakers,Retailers - other,5,2024-12-01,36 Broad Street,RG1 2AA,Reading
97874,Wesley Pantry,Other catering premises,5,2024-11-20,84 Queens Road,RG1 4BW,Reading
06716,West Reading Store,Retailers - other,3,2026-01-06,202 Oxford Road,RG30 1AB,Reading
35295,Western Elms Nursery,Hospitals/Childcare/Caring Premises,5,2025-09-30,59 Western Elms Avenue,RG30 2AL,Reading
62488,WH Smith at Reading Rail Station Concourse,Retailers - other,5,2025-11-13,Station Approach,RG1 1LY,Reading
06727,What the fudge!,Mobile caterer,5,2026-01-19,,,Reading
57006,Whistlestop Level 2 Main Entrance at Royal Berkshire Hospital,Restaurant/Cafe/Canteen,5,2024-10-30,London Road,RG1 5AN,Reading
137497,Whitley Community Development Association,Other catering premises,5,2025-05-29,252-260 Northumberland Avenue,RG2 7QA,Reading
06753,Whitley Convenience Store,Retailers - other,4,2026-02-03,177-179 Whitley Wood Lane,RG2 8PW,Reading
56580,Whitley Food & Wine Store,Retailers - other,5,2023-07-20,23-25 Whitley Street,RG2 0EG,Reading
63973,Whitley Social Club & Cafe,Other catering premises,4,2025-05-29,252-260 Northumberland Avenue,RG2 7QA,Reading
143771,Whitley Wood Pantry,Other catering premises,5,2024-07-30,Swallowfield Drive,RG2 8UT,Reading
33544,"Whittard of Chelsea, The Oracle",Retailers - other,Exempt,,Bridge Street,RG1 2AH,Reading
141089,Whittington's Tea Barge,Takeaway/sandwich shop,5,2025-04-27,George Street,RG4 8DH,Reading
139590,WHSmith Platform 8&9,Retailers - other,5,2025-11-13,Station Approach,,Reading
58646,Wickes Building Supplies,Retailers - other,Exempt,,709-731 Oxford Road,RG30 1PR,Reading
141837,Wigwam Day Nursery,Hospitals/Childcare/Caring Premises,5,2025-02-14,22 Fatherson Road,RG1 4PL,Reading
3343,Willis & Short Newsagent,Retailers - other,4,2024-05-04,341 Oxford Road,RG30 1AY,Reading
2844,Wings Fish Bar,Takeaway/sandwich shop,3,2025-06-23,65 Gosbrook Road,RG4 8BN,Reading
138342,Wingstop,Other catering premises,5,2025-02-06,Unit 24 Upper Level,RG1 2AG,Reading
06829,Wingstop UK,Restaurant/Cafe/Canteen,5,2026-03-24,Unit 7 Reading Gate Retail Park,RG2 0QG,Reading
133319,Wishing Well,Pub/bar/nightclub,5,2025-07-17,280 Oxford Road,RG30 1AD,Reading
06939,WithBrand,Distributors/Transporters,Exempt,,450 Brook Green Drive,RG2 6UU,Reading
132973,Wok on Wheels,Takeaway/sandwich shop,5,2025-09-05,59 Basingstoke Road,RG2 0ER,Reading
60162,Wok U Like at Meadway Precinct,Takeaway/sandwich shop,4,2025-09-04,Honey End Lane,RG30 4AB,Reading
144379,Wolseley Street Bakery,Restaurant/Cafe/Canteen,5,2024-11-25,Unit 12 Robert Cort Industrial Estate,RG2 0AU,Reading
06902,Wonder Wok,Takeaway/sandwich shop,2,2026-03-24,115 Wokingham Road,RG6 1LH,Reading
10264,Woodcote Way News,Retailers - other,5,2025-08-18,30 Woodcote Way,RG4 7HJ,Reading
06916,Woodley Grill,Mobile caterer,AwaitingInspection,,,,Reading
51201,Work House Coffee Company,Restaurant/Cafe/Canteen,4,2025-04-24,335 Oxford Road,RG30 1AY,Reading
2495,World Turned Upside Down,Pub/bar/nightclub,5,2025-04-25,387 Basingstoke Road,RG2 0JE,Reading
145158,Wraparound Care Club @ The Ridgeway Primary School,Restaurant/Cafe/Canteen,5,2024-06-12,Hillbrow,RG2 8JD,Reading
34712,Wycliffe Baptist Church,Restaurant/Cafe/Canteen,4,2026-05-07,233 Kings Road,RG1 4LS,Reading
26526,Y M C A,Hotel/bed & breakfast/guest house,5,2024-10-18,34 Parkside Road,RG30 2DD,Reading
133735,Yaadgaar Sweets and Bakers,Restaurant/Cafe/Canteen,2,2026-07-09,465 Oxford Road,RG30 1HF,Reading
06793,Yan's Kitchen,Other catering premises,AwaitingInspection,,,,Reading
144938,Yard Style Takeaway,Takeaway/sandwich shop,2,2025-11-20,230b Shinfield Road,RG2 8EX,Reading
140746,Yattendon Honey,Other catering premises,5,2025-09-09,,,Reading
139091,YayLo,Other catering premises,4,2025-05-23,26 Cross Street,RG1 1SN,Reading
35077,Yew Tree Lodge Care UK Mental Health,Hospitals/Childcare/Caring Premises,5,2018-03-15,17-19 Redlands Road,RG1 5HP,Reading
143883,YingYao Supermarket,Retailers - supermarkets/hypermarkets,4,2025-09-23,77-79 Kings Road,RG1 3DD,Reading
143788,Yo Momoz,Takeaway/sandwich shop,4,2025-08-31,83-85 Wokingham Road,RG6 1LH,Reading
06661,Yo Sushi,Takeaway/sandwich shop,5,2025-08-21,Portman Road,RG30 1AW,Reading
140511,Yo! To Go Reading,Takeaway/sandwich shop,5,2025-12-18,Napier Road,RG1 8DF,Reading
144710,Yo! To Go!,Takeaway/sandwich shop,4,2024-07-13,Portman Road,RG30 1AW,Reading
138793,Yogoo! Natural Frozen Yogurt,Takeaway/sandwich shop,5,2025-04-09,Bridge Street,RG1 2AG,Reading
140748,You Me Sushi,Restaurant/Cafe/Canteen,4,2025-12-05,150 Friar Street,RG1 1HE,Reading
63478,Your Local Convenience Store,Retailers - other,3,2026-04-21,151 Caversham Road,RG1 8AU,Reading
127904,Yuvraj's Mini Market,Retailers - other,4,2024-06-08,9 Manchester Road,RG1 3QD,Reading
06659,YY Restaurant,Restaurant/Cafe/Canteen,3,2025-10-08,77-79 Kings Road,RG1 3DD,Reading
132074,Zabka Reading,Retailers - other,4,2025-05-17,541 Oxford Road,RG30 1HJ,Reading
141183,Zaika The Paan Shop,Takeaway/sandwich shop,4,2024-11-05,431 Oxford Road,RG30 1HD,Reading
33197,Zam Zam Halal Superstore,Retailers - other,4,2025-08-05,162-164 Oxford Road,RG1 7PJ,Reading
141956,Zambrero,Restaurant/Cafe/Canteen,5,2024-10-25,31 Queen Victoria Street,RG1 1SY,Reading
101438,Zarcat,Mobile caterer,5,2024-06-23,63 Tintern Crescent,RG1 6HB,Reading
49861,Zero Degrees,Restaurant/Cafe/Canteen,4,2025-06-29,9 Bridge Street,RG1 2LR,Reading
06962,Zeus Greek Gyros,Restaurant/Cafe/Canteen,AwaitingInspection,,2 Bridge Street,RG1 2LU,Reading
06501,Zi Tore,Restaurant/Cafe/Canteen,5,2025-02-21,7 Union Street,RG1 1EU,Reading
143862,Zia Lucia,Restaurant/Cafe/Canteen,5,2026-04-06,65 St Marys Butts,,Reading
133834,Zizzi at The Oracle,Restaurant/Cafe/Canteen,5,2025-11-22,Bridge Street,RG1 2AG,Reading
54646,Zorbas Shisha and Kebabs,Takeaway/sandwich shop,4,2025-11-25,16-17 Harris Arcade,RG1 1DN,Reading
144488,Zotta Deli,Restaurant/Cafe/Canteen,5,2024-12-15,279 Basingstoke Road,RG2 0JA,Reading
33293,Zyka,Restaurant/Cafe/Canteen,4,2025-10-30,6 Park Lane,RG31 5DL,Reading
